CustomerID,Recency,Frequency,Monetary
12346,263,1,77183
12747,4,9,3444
12748,1,144,20082
12749,68,3,2755
12820,12,2,388
12821,152,1,92
12822,8,2,948
12823,12,5,1759
12826,9,5,1052
12828,3,4,661
12829,274,2,293
12830,29,5,6414
12831,200,1,215
12832,36,1,267
12833,83,1,417
12834,220,1,312
12836,75,3,2112
12837,111,1,134
12838,311,1,390
12839,9,10,3376
12840,81,4,2726
12841,3,19,3268
12842,8,2,1119
12843,3,8,1702
12844,68,1,174
12845,205,4,354
12849,206,1,704
12851,34,1,135
12852,232,1,311
12853,72,6,1957
12854,16,3,1324
12855,310,1,38
12856,1,1,393
12857,148,2,1106
12864,76,1,147
12867,34,6,3025
12868,123,6,1607
12871,22,2,380
12872,264,2,600
12873,220,1,374
12875,81,2,343
12877,16,10,1160
12878,174,2,855
12879,19,2,507
12881,213,1,298
12883,27,1,291
12884,26,1,309
12885,1,3,1175
12886,5,2,1378
12888,152,2,354
12891,123,3,331
12895,24,1,267
12897,142,2,216
12901,19,20,13159
12902,202,1,138
12904,110,1,244
12906,16,2,1936
12908,114,2,750
12909,25,4,1857
12910,2,6,2616
12913,220,3,866
12915,86,2,363
12916,76,4,3006
12917,66,1,594
12919,54,3,441
12921,22,27,11396
12922,99,1,405
12923,2,1,177
12924,26,4,933
12925,12,1,368
12928,85,3,1136
12929,249,1,117
12930,16,2,415
12931,5,12,34440
12933,109,2,357
12935,47,4,1535
12936,16,1,798
12937,9,3,826
12939,2,8,11581
12940,25,1,361
12942,69,3,683
12944,292,1,287
12945,226,1,463
12947,81,6,1604
12948,43,4,1424
12949,52,7,3449
12951,111,5,751
12952,16,1,731
12955,30,6,1843
12956,244,1,108
12957,9,6,2640
12962,51,1,170
12963,22,2,619
12965,27,1,771
12967,296,2,1660
12968,50,1,136
12970,260,2,23
12971,3,69,8988
12974,135,1,144
12976,149,1,738
12977,94,1,39
12980,95,9,7374
12981,71,1,187
12982,180,1,390
12987,11,2,558
12988,230,1,535
12989,4,11,5957
12990,123,2,263
12991,50,1,303
12993,58,3,372
12994,58,2,645
12995,23,1,211
12997,26,3,916
12999,134,3,455
13000,44,3,534
13001,96,11,8615
13002,256,1,121
13003,43,3,149
13004,1,15,4609
13005,111,2,513
13008,261,1,229
13011,310,1,50
13012,16,5,1205
13013,2,10,3902
13014,12,6,2421
13015,135,4,1763
13016,11,3,789
13018,2,22,6090
13021,8,6,1619
13023,2,2,689
13026,30,3,604
13027,51,6,6912
13029,76,2,773
13030,306,1,427
13032,25,1,496
13033,295,1,190
13034,307,1,165
13035,11,2,921
13037,76,3,881
13038,18,3,908
13043,211,1,516
13044,229,1,560
13045,37,1,305
13046,204,1,197
13047,65,8,2682
13048,51,3,1375
13049,2,2,656
13050,44,13,4509
13052,150,1,348
13055,16,3,1214
13058,89,1,47
13059,187,1,183
13060,191,1,307
13061,10,1,248
13062,129,1,347
13064,26,3,842
13065,311,1,205
13067,20,1,115
13068,257,1,165
13069,37,20,3874
13070,130,1,228
13072,204,1,177
13075,67,1,919
13077,228,3,577
13078,2,19,9172
13079,13,3,172
13080,117,1,58
13081,81,8,18870
13082,64,9,3613
13083,13,1,192
13085,95,2,416
13089,2,81,46757
13090,2,10,5814
13092,8,5,477
13093,213,8,7832
13094,18,11,1774
13095,8,1,74
13097,15,9,5479
13098,25,19,17349
13099,37,1,207
13101,172,1,101
13102,19,20,5292
13104,23,4,579
13106,71,1,76
13107,23,3,1407
13108,310,1,350
13109,95,1,369
13110,75,5,1042
13113,51,20,10787
13115,122,1,878
13116,76,1,501
13117,59,7,841
13118,146,3,799
13120,176,1,30
13121,207,1,283
13122,32,2,922
13124,27,3,3866
13126,10,6,1386
13127,15,1,259
13130,32,1,64
13131,9,2,772
13132,199,1,77
13133,211,2,109
13134,23,4,1793
13135,134,1,3096
13136,25,4,2148
13137,30,5,1931
13138,18,4,687
13139,10,4,3584
13140,46,3,423
13141,22,5,2388
13144,270,1,111
13145,29,3,499
13147,37,1,118
13148,71,10,2789
13149,44,3,1132
13151,233,1,1257
13155,17,3,882
13157,79,3,873
13158,32,4,1201
13159,44,2,851
13161,251,1,112
13162,60,4,1688
13165,289,1,354
13166,221,1,417
13167,5,3,659
13168,137,3,972
13169,1,2,712
13171,237,1,140
13173,305,1,165
13174,254,2,2108
13177,2,1,282
13178,11,9,5156
13183,24,7,3085
13184,68,9,1504
13185,205,1,71
13186,31,2,1301
13187,275,1,236
13189,53,1,127
13192,33,2,911
13194,73,1,60
13196,22,2,1587
13198,58,5,3009
13199,2,24,5270
13200,12,2,627
13203,58,2,309
13207,88,1,197
13208,93,4,835
13209,66,5,4156
13210,31,1,353
13211,33,2,886
13213,66,4,963
13216,205,1,333
13217,60,3,534
13218,65,1,62
13220,16,4,819
13221,178,2,847
13223,138,2,163
13224,89,1,1212
13225,81,5,4299
13226,211,1,108
13227,139,1,257
13228,19,1,358
13229,163,1,161
13230,76,12,2234
13232,36,5,1048
13233,12,2,605
13235,150,1,1031
13236,44,1,439
13238,101,2,318
13239,199,1,329
13240,34,4,663
13242,50,3,270
13243,141,1,600
13244,30,1,121
13246,114,5,1861
13247,20,1,305
13248,62,2,465
13249,30,3,711
13253,94,2,1030
13255,311,1,225
13258,143,1,224
13261,206,2,944
13262,201,1,200
13263,4,26,5774
13265,26,4,1802
13266,13,9,2841
13267,30,15,3119
13268,22,7,2468
13269,4,11,3917
13270,304,1,590
13272,27,1,141
13273,51,1,139
13276,1,2,590
13277,54,2,125
13279,16,1,137
13280,60,3,814
13282,100,2,773
13283,123,1,25
13284,268,1,201
13285,99,3,1970
13291,93,1,361
13292,222,1,249
13294,127,2,873
13295,297,1,201
13296,75,1,87
13297,5,1,1315
13299,206,1,142
13300,107,1,371
13301,41,4,618
13302,93,1,63
13304,289,1,300
13305,30,8,1471
13307,58,1,15
13308,141,1,815
13309,26,3,928
13310,144,2,817
13311,88,1,490
13313,79,3,918
13314,1,2,589
13316,17,3,4463
13317,4,6,2273
13319,4,21,8248
13320,16,4,1548
13321,10,2,567
13323,22,1,120
13324,27,9,6437
13325,19,1,675
13327,50,7,2738
13328,254,1,1308
13329,304,1,304
13330,30,3,1140
13334,20,3,3536
13336,15,1,795
13338,95,1,487
13339,138,1,860
13340,43,5,9229
13341,198,1,775
13343,115,1,353
13344,5,3,2543
13345,225,1,389
13347,8,1,341
13348,2,1,233
13350,17,1,646
13351,4,1,373
13354,9,1,743
13355,60,1,674
13356,18,1,768
13357,195,1,610
13358,206,1,439
13359,1,1,439
13362,183,2,1581
13364,9,1,135
13365,155,1,700
13368,194,2,623
13369,303,1,308
13370,309,1,754
13372,27,1,378
13373,96,2,2055
13375,26,1,778
13376,37,3,1019
13379,6,2,435
13381,27,5,2982
13382,218,1,223
13384,11,5,3131
13385,267,1,534
13388,69,2,677
13389,12,2,580
13390,12,1,544
13391,141,1,59
13394,16,6,1846
13395,123,1,307
13396,257,1,387
13397,10,5,1544
13398,130,1,457
13402,65,2,621
13404,150,1,217
13405,12,3,572
13408,4,48,21376
13410,12,4,728
13411,45,1,213
13414,71,3,1390
13416,19,1,275
13417,143,1,236
13418,22,16,5068
13419,1,1,221
13420,87,2,159
13421,228,1,825
13422,2,1,2626
13425,46,3,1624
13426,2,7,2708
13427,58,2,464
13429,13,1,330
13430,24,1,336
13431,5,2,1269
13434,12,2,534
13435,13,4,1973
13437,37,4,2173
13439,193,1,283
13441,29,1,296
13448,18,5,2489
13450,27,5,1727
13451,64,4,2463
13452,197,2,590
13453,103,2,357
13455,304,1,692
13456,1,4,1309
13458,3,11,8176
13461,76,2,884
13462,190,1,151
13466,122,1,307
13468,3,31,4977
13470,37,2,165
13473,270,1,241
13474,174,1,229
13475,129,4,1431
13476,116,2,1238
13477,76,4,899
13479,138,2,301
13481,46,4,1361
13482,170,1,184
13483,3,1,140
13484,179,1,313
13485,171,1,454
13486,16,3,1122
13487,151,2,408
13488,10,11,7367
13489,43,4,449
13491,85,9,1088
13494,249,1,316
13495,170,3,1072
13496,297,1,501
13497,220,2,348
13499,11,3,613
13500,60,1,326
13502,212,2,189
13503,9,1,216
13504,2,1,295
13506,254,2,458
13507,36,3,2022
13508,181,1,111
13509,37,5,705
13510,33,2,897
13512,198,1,251
13513,64,1,205
13514,11,1,152
13515,10,4,891
13516,10,2,620
13517,44,2,1612
13518,23,1,659
13519,16,1,122
13523,137,3,2369
13524,19,4,483
13525,186,1,282
13527,27,6,1861
13529,16,2,307
13531,143,2,483
13533,120,3,270
13534,45,21,4371
13536,13,1,455
13538,32,6,990
13539,23,3,631
13544,178,1,122
13546,138,1,188
13548,34,2,682
13549,2,6,832
13551,257,1,91
13552,4,12,3740
13555,11,4,4149
13557,218,1,240
13558,6,1,202
13561,153,1,141
13562,19,3,1799
13563,22,2,777
13564,82,3,1749
13565,272,1,110
13566,20,1,585
13568,111,1,192
13569,305,1,118
13570,181,1,239
13571,6,8,1289
13572,143,1,1384
13573,191,1,31
13575,8,3,477
13576,9,14,5343
13577,30,3,1193
13579,307,1,164
13581,247,1,118
13583,93,1,781
13584,244,1,142
13587,1,1,712
13588,24,5,1605
13589,117,1,147
13590,88,4,1116
13591,2,3,1117
13592,143,3,205
13593,46,5,2037
13599,22,10,2833
13600,250,1,219
13601,149,1,373
13602,2,1,428
13606,181,2,250
13610,48,5,776
13611,27,3,1171
13614,27,3,1097
13615,256,1,417
13617,51,2,365
13618,111,1,177
13621,54,1,213
13623,148,4,551
13626,190,1,257
13627,17,4,1334
13629,1,9,6255
13630,13,6,1799
13631,37,11,3070
13632,111,3,814
13634,24,4,1372
13635,5,1,1071
13636,60,4,646
13637,125,2,684
13639,12,1,1033
13642,153,1,354
13643,36,2,259
13644,11,2,1398
13645,58,1,252
13647,9,3,1275
13649,194,2,346
13650,4,5,1538
13652,194,2,638
13654,83,4,1714
13655,52,2,933
13656,102,2,379
13657,139,1,152
13658,23,3,2096
13659,143,2,1573
13662,23,3,897
13663,117,1,189
13666,225,2,64
13667,87,1,305
13668,51,16,4934
13669,87,1,48
13670,13,1,349
13672,239,2,186
13675,89,2,486
13678,89,1,232
13680,275,2,2391
13681,6,2,531
13682,125,1,59
13684,223,1,67
13686,120,1,72
13689,1,1,910
13692,151,2,871
13694,9,42,51527
13695,1,14,2207
13699,93,1,308
13700,30,8,1651
13703,256,1,99
13704,11,5,1289
13705,82,2,522
13706,240,1,330
13707,205,2,806
13708,209,1,296
13709,3,7,3618
13711,156,2,252
13712,184,1,228
13715,219,5,1079
13716,207,1,138
13717,66,4,956
13718,184,2,306
13719,143,2,338
13720,54,4,799
13722,69,3,2375
13723,155,1,199
13725,107,7,1865
13726,38,1,292
13728,45,5,797
13730,73,2,752
13731,157,2,610
13735,113,2,1409
13736,198,1,357
13737,138,1,339
13740,178,1,350
13741,9,3,668
13742,27,11,2791
13743,26,6,1065
13744,33,2,1156
13745,100,1,300
13747,311,1,79
13748,33,5,948
13750,78,4,1316
13751,226,1,296
13752,62,6,1186
13753,225,1,741
13754,89,2,282
13755,1,1,495
13756,31,8,2972
13758,139,5,2351
13759,9,1,560
13760,194,1,135
13761,117,1,491
13762,156,1,306
13763,1,1,1715
13764,8,3,1521
13767,18,33,13303
13769,30,8,2176
13771,2,4,2634
13772,34,2,686
13774,19,1,345
13777,15,27,13021
13778,41,1,178
13780,108,1,116
13781,188,1,127
13782,6,4,630
13784,32,9,2124
13786,305,1,230
13787,13,2,309
13791,65,2,1516
13792,4,2,195
13798,1,47,32260
13799,54,2,688
13800,247,1,558
13801,4,1,324
13802,76,3,4599
13803,193,1,277
13804,16,5,2283
13805,67,1,500
13806,1,1,256
13807,305,1,112
13808,3,3,1362
13819,239,3,1140
13821,82,2,385
13823,29,1,650
13824,73,4,1429
13826,114,1,189
13827,71,2,300
13831,25,5,1795
13833,97,1,384
13835,93,2,537
13837,149,2,271
13838,55,3,479
13841,190,1,85
13842,10,8,2803
13845,2,1,313
13846,180,2,663
13848,30,3,1255
13849,108,1,593
13850,67,1,1595
13851,33,3,2651
13854,3,22,7088
13856,106,3,388
13859,264,1,201
13860,24,1,405
13862,10,7,2089
13863,185,1,305
13865,74,3,383
13866,12,1,145
13867,12,2,592
13869,61,4,3105
13870,39,5,2179
13871,30,9,4612
13873,57,3,389
13874,296,1,540
13875,71,4,1424
13876,1,1,122
13877,24,1,117
13880,25,11,2501
13881,4,13,11621
13882,2,1,192
13883,156,4,1742
13884,27,4,540
13885,127,2,506
13886,9,1,243
13887,142,1,349
13888,57,2,605
13889,30,1,416
13890,45,2,501
13892,2,2,395
13893,235,1,821
13894,248,1,160
13895,4,3,1911
13898,263,1,155
13899,212,1,298
13900,121,3,741
13901,10,5,2867
13904,232,1,201
13908,17,4,2369
13911,82,8,2437
13917,129,1,65
13918,191,1,198
13922,289,1,172
13924,10,1,679
13925,30,4,678
13927,12,1,349
13928,44,2,225
13929,107,2,842
13930,74,1,210
13931,33,2,1237
13932,232,1,307
13933,47,2,608
13934,201,1,922
13936,117,1,376
13937,107,1,158
13939,46,2,390
13940,2,3,616
13941,27,4,3859
13946,17,3,561
13947,3,1,90
13948,298,1,102
13949,3,3,1212
13950,11,2,323
13951,114,3,674
13952,155,2,3251
13953,53,5,2604
13954,8,1,227
13955,92,2,323
13956,76,3,680
13959,17,3,598
13960,9,1,128
13962,183,1,117
13963,246,4,664
13967,83,1,80
13969,45,11,3911
13971,44,6,1985
13972,8,2,190
13973,225,1,264
13975,66,4,1497
13976,144,1,358
13979,11,1,869
13982,101,3,1230
13983,26,9,2063
13984,64,4,819
13985,9,8,3791
13988,10,4,3185
13989,3,2,1266
13990,151,1,311
13991,13,2,340
13993,2,8,3092
13994,5,4,1588
13995,53,3,871
13999,2,10,3177
14000,149,1,635
14001,170,2,1309
14002,72,2,529
14004,16,6,3769
14005,13,4,977
14006,53,3,962
14009,136,2,695
14012,215,1,328
14013,48,3,473
14014,15,1,505
14019,36,2,800
14020,26,1,331
14021,93,3,631
14022,163,1,440
14023,188,1,273
14024,59,2,327
14029,1,2,467
14030,27,7,1816
14031,5,16,14051
14032,25,7,2147
14034,95,2,473
14035,45,3,837
14036,222,1,626
14037,114,2,147
14038,16,3,1560
14040,32,10,2748
14041,204,1,141
14044,41,3,542
14045,47,4,1659
14046,222,1,155
14047,11,4,957
14048,243,1,409
14049,96,3,3285
14050,44,1,486
14051,6,17,10245
14053,62,2,260
14054,3,1,92
14055,44,1,725
14056,4,19,6169
14057,4,16,5578
14059,204,1,183
14060,17,16,5135
14062,9,11,9225
14064,51,4,1097
14066,204,1,152
14067,1,2,374
14068,258,1,265
14071,198,2,356
14075,199,1,307
14076,67,1,122
14077,16,4,366
14078,39,6,1049
14079,62,1,375
14081,240,2,934
14082,302,1,182
14083,64,7,548
14085,79,12,3248
14088,66,7,25507
14090,262,1,76
14092,5,11,3096
14096,5,7,12187
14099,3,9,2673
14100,75,1,194
14101,11,6,5976
14104,92,2,216
14105,177,1,1266
14107,34,6,2461
14108,39,1,291
14109,10,1,144
14110,4,8,4470
14111,33,3,295
14112,68,4,1900
14113,16,2,926
14114,211,2,386
14116,2,3,956
14117,81,1,90
14124,22,1,419
14125,16,1,1295
14127,60,3,709
14128,193,1,305
14129,33,3,726
14130,257,1,483
14132,25,6,1900
14133,67,3,605
14135,13,11,3514
14138,1,1,638
14141,11,2,489
14142,311,1,311
14143,71,1,115
14145,94,3,2851
14146,19,4,2965
14147,16,2,483
14148,171,1,157
14149,158,1,446
14150,297,1,306
14152,13,2,621
14154,177,2,1345
14155,204,1,118
14157,223,1,277
14159,19,8,3147
14161,153,3,1110
14162,111,2,289
14163,25,4,2445
14164,8,2,1631
14165,213,1,122
14167,103,3,402
14171,36,1,363
14173,157,1,114
14175,109,2,1206
14176,235,4,576
14177,24,4,559
14178,4,4,692
14180,29,22,4258
14184,4,1,452
14185,269,1,197
14188,9,5,1718
14189,34,11,3267
14191,18,8,2525
14193,5,2,853
14194,13,14,6976
14195,139,2,1012
14196,44,1,335
14198,24,3,528
14199,156,1,185
14201,18,6,627
14205,202,1,222
14206,177,1,328
14208,32,1,151
14209,59,5,1876
14210,43,6,1905
14211,18,7,1339
14212,27,1,1070
14214,94,3,899
14215,15,5,1343
14217,12,12,1469
14220,185,2,632
14221,18,8,3088
14222,115,1,683
14223,30,3,991
14224,48,4,1050
14226,8,3,1895
14227,23,9,3031
14229,229,2,762
14231,121,3,925
14232,53,4,1573
14233,149,3,959
14235,13,5,3144
14236,18,2,490
14237,311,1,161
14238,264,1,146
14239,9,10,2219
14240,163,1,226
14241,121,1,213
14242,172,2,280
14243,33,8,2306
14245,157,2,1693
14246,48,3,1474
14247,216,1,136
14248,256,1,302
14250,27,1,1228
14256,198,2,969
14257,2,5,3099
14258,27,8,11298
14259,79,1,120
14261,16,1,943
14262,22,4,1379
14264,92,2,334
14267,100,3,1516
14270,269,1,492
14271,163,1,112
14272,11,2,438
14273,74,3,450
14276,36,3,1119
14280,134,1,134
14282,19,10,2796
14284,24,1,252
14285,13,2,1253
14286,180,1,2050
14287,136,2,83
14288,151,1,426
14289,72,5,832
14290,5,3,1799
14291,4,8,2966
14292,26,5,3144
14293,85,3,739
14297,212,1,232
14298,10,41,44237
14299,16,6,2843
14301,55,1,640
14304,160,1,383
14305,9,3,1859
14306,23,1,1702
14307,26,6,2995
14309,31,7,1633
14311,180,1,310
14312,29,5,1047
14314,44,1,120
14315,67,5,1550
14317,2,1,508
14320,144,2,477
14321,11,4,1230
14323,52,2,605
14326,180,1,183
14327,101,1,311
14329,46,4,3485
14331,62,2,462
14332,4,2,585
14333,5,1,415
14334,31,7,2328
14336,136,3,1114
14338,99,2,588
14339,180,1,309
14340,156,1,134
14341,68,6,1139
14342,75,2,419
14344,65,8,889
14346,58,2,1021
14348,198,1,409
14350,212,1,282
14351,102,1,51
14352,95,4,1079
14353,153,1,90
14355,303,1,174
14356,17,2,701
14359,25,1,483
14360,5,3,1917
14364,46,8,3717
14367,13,12,6949
14368,257,1,155
14371,233,1,100
14373,296,1,76
14375,123,1,257
14377,129,2,617
14379,233,1,111
14383,2,2,917
14386,234,1,142
14387,12,2,929
14388,29,6,2277
14389,3,2,1043
14390,82,4,1592
14393,156,1,68
14395,16,7,2638
14396,3,2,488
14397,17,11,1089
14400,87,1,574
14401,18,11,3384
14403,68,4,1475
14404,46,5,1347
14406,57,1,156
14407,45,6,2157
14408,32,6,2298
14409,9,6,2059
14410,30,9,1105
14411,248,1,1063
14412,10,1,462
14413,300,1,122
14414,29,7,1497
14415,36,9,3801
14418,46,1,150
14419,11,3,541
14420,37,1,387
14421,149,1,455
14422,8,3,2318
14423,156,1,265
14426,78,6,2885
14427,1,1,321
14428,17,3,534
14431,240,1,470
14432,6,2,561
14434,3,2,410
14436,36,1,89
14437,303,1,63
14438,244,1,131
14440,10,3,1558
14441,32,2,697
14443,76,3,991
14446,18,2,685
14447,134,2,601
14448,302,1,102
14449,2,3,714
14450,118,3,483
14451,132,1,360
14452,31,1,127
14453,128,1,119
14456,11,5,1839
14457,248,1,113
14459,93,1,1837
14460,48,3,434
14461,86,3,2103
14462,4,11,2004
14463,36,3,529
14465,184,3,1058
14466,11,6,1785
14467,250,1,131
14470,225,1,297
14472,41,8,1936
14473,12,2,234
14475,9,3,925
14476,195,1,215
14477,122,2,523
14479,191,2,316
14481,102,2,636
14482,37,2,466
14483,219,1,137
14487,20,4,847
14488,5,1,1064
14489,145,1,463
14491,113,2,340
14493,93,1,611
14495,59,1,40
14496,249,2,538
14497,247,1,475
14498,54,4,1281
14499,71,2,371
14500,26,3,356
14501,121,2,251
14502,6,8,1644
14503,8,2,1284
14504,181,3,542
14505,47,6,4255
14506,4,4,1515
14507,39,4,924
14508,27,1,137
14511,3,3,648
14512,125,2,275
14513,38,3,455
14514,139,2,403
14515,4,3,1349
14517,79,1,252
14518,2,1,174
14520,228,1,165
14522,9,3,831
14523,46,1,241
14524,9,8,1755
14525,38,7,2926
14527,2,44,6003
14529,15,2,358
14530,31,5,2546
14532,174,4,932
14533,2,5,1773
14534,3,15,3781
14535,65,2,1653
14536,197,1,171
14538,2,2,388
14540,13,2,681
14541,106,7,1315
14542,123,1,103
14543,11,14,3301
14544,299,1,1121
14546,15,3,1602
14548,88,2,652
14549,249,1,289
14551,142,1,125
14552,89,1,165
14553,156,2,312
14555,240,1,197
14557,23,1,788
14560,1,16,1829
14561,13,3,1080
14562,16,10,3029
14565,33,4,3099
14567,68,1,800
14570,218,2,218
14572,48,5,2089
14573,117,9,1653
14576,310,1,35
14577,101,3,646
14583,82,4,787
14584,107,4,1042
14586,214,1,237
14587,122,8,1473
14589,309,1,39
14591,151,1,250
14592,2,1,264
14593,136,2,339
14594,311,1,255
14595,23,2,300
14597,129,1,165
14600,243,1,393
14603,212,1,660
14606,4,77,10107
14607,199,1,495
14608,23,2,791
14609,10,4,601
14616,180,3,406
14618,275,1,211
14619,183,1,394
14620,143,2,412
14621,94,3,1002
14622,122,1,320
14623,54,3,608
14625,134,2,899
14626,2,3,2182
14628,29,2,672
14631,173,2,630
14632,200,1,114
14633,204,1,344
14636,206,1,300
14639,58,4,1989
14640,65,4,1501
14643,108,2,693
14644,5,2,830
14645,94,2,597
14647,139,1,243
14649,10,3,903
14651,5,2,654
14652,15,1,114
14653,5,2,694
14655,8,2,1211
14656,107,2,291
14657,93,3,638
14658,55,1,123
14659,16,7,2068
14660,24,2,285
14662,172,3,524
14665,27,4,1276
14667,12,19,7140
14669,179,3,1270
14670,218,2,411
14672,172,2,765
14673,305,1,373
14676,16,5,2171
14680,9,15,27586
14681,9,3,499
14682,125,2,52
14684,19,3,648
14687,44,1,628
14688,8,17,4442
14689,146,1,112
14690,89,1,216
14691,9,4,1769
14692,75,4,591
14693,202,1,172
14696,9,6,1778
14697,156,2,188
14699,152,1,109
14700,127,2,1557
14701,110,7,1958
14702,2,11,2034
14704,19,3,386
14705,136,1,179
14708,92,2,701
14709,9,10,4264
14711,29,9,2365
14712,13,2,421
14713,37,9,2029
14715,32,3,594
14716,86,1,188
14719,117,2,488
14720,27,2,401
14722,85,1,187
14723,296,3,471
14727,212,1,268
14729,311,1,313
14730,3,7,1760
14731,143,2,251
14732,26,6,1927
14733,48,11,9044
14735,19,26,4347
14737,66,2,1081
14738,2,6,1084
14739,3,5,2857
14740,135,3,1448
14741,51,4,865
14744,235,5,928
14745,50,5,1220
14747,187,1,328
14748,61,4,1118
14753,25,1,563
14754,233,1,228
14755,11,8,3172
14757,13,1,420
14758,82,4,1484
14759,50,2,870
14760,235,1,89
14761,272,1,97
14762,201,1,300
14765,50,2,95
14766,18,5,2050
14768,65,1,133
14769,20,7,10332
14770,170,2,876
14772,50,1,139
14775,75,2,701
14776,43,8,1862
14778,65,2,730
14779,218,3,386
14780,17,1,332
14782,257,1,200
14784,261,1,114
14790,57,2,364
14792,1,1,6
14794,141,4,679
14795,104,1,131
14796,32,14,6593
14798,82,2,97
14800,13,10,3947
14803,100,3,845
14805,251,1,109
14806,13,1,193
14808,12,7,2207
14810,41,10,1869
14813,307,2,155
14815,5,1,551
14816,135,1,271
14817,138,2,1110
14818,11,3,657
14819,2,2,272
14820,13,2,242
14821,304,1,48
14823,118,3,321
14824,11,2,755
14825,1,9,1650
14828,134,3,2139
14829,122,3,531
14834,9,3,851
14837,27,4,1649
14840,205,1,62
14841,117,4,2375
14842,33,3,1901
14844,1,4,3189
14847,86,1,309
14849,2,19,6569
14850,249,1,325
14851,194,1,206
14852,34,5,2188
14853,149,1,214
14854,16,7,2759
14855,57,2,645
14857,86,1,522
14859,18,2,927
14862,86,1,304
14865,310,1,37
14866,18,5,6803
14867,123,3,710
14868,9,5,1634
14869,41,1,391
14870,199,1,327
14871,116,3,354
14873,148,1,519
14875,45,2,1465
14878,20,7,1193
14880,15,3,706
14883,11,4,572
14885,69,1,765
14886,190,1,364
14887,17,1,1862
14888,145,1,369
14889,274,1,135
14890,191,1,125
14891,86,2,554
14894,23,1,655
14895,29,13,7974
14896,142,2,468
14897,26,2,345
14898,72,5,1011
14901,11,7,1093
14903,62,4,2411
14905,95,2,616
14907,37,5,2608
14908,12,1,277
14913,121,3,917
14915,29,2,307
14916,8,4,1269
14918,53,2,1610
14920,150,2,977
14921,139,1,903
14924,183,1,310
14944,15,9,4922
14947,10,2,290
14948,9,5,834
14951,17,1,311
14952,9,9,6724
14957,191,1,58
14958,85,3,499
14959,2,4,695
14960,109,1,88
14961,19,8,5899
14962,208,1,126
14963,121,1,294
14964,185,1,206
14965,34,2,599
14970,6,4,1592
14972,66,1,114
14973,45,3,1314
14976,39,4,560
14978,10,5,1931
14981,184,1,102
14984,118,1,110
14985,136,2,296
14987,303,1,163
14988,149,1,334
14995,218,1,119
14997,26,2,433
14998,108,2,429
15002,53,4,1641
15004,85,1,1246
15005,1,23,5109
15007,97,1,156
15012,311,1,191
15014,114,1,117
15016,110,1,170
15018,190,2,291
15019,204,1,266
15021,24,6,1428
15023,54,8,5110
15024,51,5,845
15026,18,3,469
15027,106,3,967
15028,306,1,186
15030,9,2,518
15031,48,2,261
15032,194,3,4959
15033,47,6,1629
15034,8,6,3298
15035,27,1,252
15036,10,3,465
15038,6,5,690
15039,3,41,18974
15041,108,1,180
15042,137,1,135
15044,4,15,5994
15045,89,2,735
15046,4,12,4228
15047,207,1,343
15048,3,4,384
15049,211,1,121
15050,9,2,1323
15051,88,1,377
15052,257,1,215
15053,94,2,478
15057,213,2,1489
15058,19,8,1443
15059,45,7,1008
15061,2,43,41200
15062,9,4,987
15063,151,1,370
15065,102,3,2858
15067,16,3,1744
15068,194,1,240
15069,117,1,1109
15070,310,1,106
15071,31,2,982
15073,123,2,862
15074,43,1,748
15075,15,1,773
15076,110,1,880
15078,12,24,7580
15079,150,4,895
15081,3,4,416
15083,194,1,88
15087,219,1,306
15088,5,1,864
15089,32,3,2036
15090,246,1,381
15091,5,1,480
15092,153,2,457
15093,54,5,4027
15095,41,4,1370
15098,120,3,39916
15099,22,1,410
15100,271,3,876
15101,297,1,102
15103,24,1,291
15104,134,2,1027
15105,5,4,1717
15106,3,4,1302
15107,249,6,319
15109,183,1,485
15110,64,2,376
15111,4,2,1237
15114,9,9,2252
15116,72,2,791
15117,58,2,675
15118,72,1,244
15119,183,1,266
15120,71,1,358
15121,226,1,295
15122,52,3,1633
15123,144,1,1069
15124,129,1,90
15125,51,12,10795
15127,3,1,406
15128,64,3,1170
15129,44,10,2796
15130,107,1,330
15132,43,3,842
15133,65,3,982
15134,10,5,897
15135,177,1,139
15136,34,1,582
15139,177,2,179
15140,17,6,2052
15143,163,1,259
15144,9,12,4005
15145,165,2,724
15146,102,2,1327
15147,178,1,623
15149,71,1,520
15150,11,7,4368
15152,22,7,2712
15154,13,1,296
15157,92,2,1505
15159,5,23,11410
15160,295,1,158
15163,130,1,155
15164,6,3,843
15165,311,1,487
15167,258,1,163
15171,269,1,1289
15172,8,4,1248
15174,260,1,135
15175,9,1,224
15178,198,1,40
15179,171,3,1455
15180,305,1,87
15181,4,3,689
15182,92,2,622
15184,128,1,235
15185,8,1,310
15186,106,1,229
15187,8,8,2381
15189,29,33,12635
15192,57,3,1044
15194,16,13,5488
15197,190,2,773
15198,30,2,193
15199,32,3,967
15201,25,5,1236
15203,17,5,1517
15204,295,1,316
15205,23,2,653
15206,37,3,236
15208,1,3,495
15210,163,1,331
15211,303,1,383
15212,179,1,101
15213,256,2,328
15214,1,4,1061
15215,34,1,300
15216,25,1,96
15218,12,9,4645
15219,114,1,305
15220,53,5,1284
15221,304,1,403
15222,256,1,585
15223,163,2,755
15224,296,2,322
15225,172,1,409
15226,248,1,154
15227,153,3,876
15228,4,4,3386
15230,177,2,429
15232,51,2,612
15234,214,1,197
15235,155,12,2247
15236,236,1,321
15237,16,3,1328
15238,33,2,772
15239,16,1,461
15240,22,4,1382
15241,4,8,1756
15243,12,1,316
15244,3,2,631
15245,72,3,2515
15246,176,2,514
15247,60,1,356
15249,3,12,6280
15251,29,8,9695
15252,121,1,300
15253,26,3,640
15254,65,1,300
15255,4,1,890
15256,86,1,98
15257,221,1,317
15258,106,2,623
15260,38,7,1810
15261,73,1,254
15262,261,1,179
15263,44,1,156
15264,2,1,393
15265,89,2,1506
15266,276,1,119
15267,93,2,1407
15270,55,5,1850
15271,32,10,1596
15272,24,1,299
15276,4,1,135
15279,292,1,290
15280,110,1,113
15281,74,8,2191
15287,8,1,341
15288,93,4,2006
15289,75,2,698
15290,17,13,4459
15291,32,12,3685
15292,139,1,180
15296,47,5,2599
15297,1,1,230
15298,30,7,3358
15299,5,7,4507
15300,2,1,496
15301,10,11,4466
15303,228,1,574
15304,23,7,582
15306,2,3,1174
15307,33,1,205
15308,212,1,310
15311,1,72,49372
15312,13,4,924
15313,48,1,52
15314,137,1,328
15315,2,2,570
15316,264,1,165
15319,221,1,204
15321,8,3,2748
15322,23,1,679
15325,41,1,162
15326,271,1,311
15329,72,2,754
15333,146,1,1028
15334,94,3,351
15339,4,2,574
15341,18,1,2020
15342,67,1,406
15343,25,1,364
15344,12,1,308
15346,270,1,252
15347,304,1,201
15348,10,1,158
15349,96,2,473
15350,311,1,115
15351,3,3,1017
15353,192,2,777
15356,9,9,2616
15358,12,18,6734
15361,299,1,418
15363,310,1,326
15364,33,2,913
15365,19,4,1945
15366,13,2,602
15367,183,2,1416
15370,9,5,2039
15372,75,1,2007
15373,53,9,1686
15374,66,1,168
15376,55,2,989
15379,107,7,3703
15380,24,3,1004
15381,151,2,596
15382,22,5,4709
15384,107,2,642
15386,124,1,394
15389,110,1,500
15392,26,2,665
15393,219,1,124
15394,16,3,1854
15395,263,1,107
15396,50,1,288
15397,227,1,94
15398,16,1,634
15399,17,1,305
15400,30,5,716
15402,86,2,626
15405,127,1,349
15406,239,1,252
15407,121,3,740
15408,202,1,267
15410,22,8,3450
15411,8,3,991
15412,109,1,190
15414,180,1,36
15415,251,1,572
15416,2,4,3984
15417,23,1,508
15421,153,3,739
15422,261,2,97
15424,192,2,383
15426,195,2,663
15429,13,1,243
15433,151,2,533
15434,45,3,587
15436,172,1,489
15437,200,1,200
15438,69,1,156
15440,74,2,237
15442,186,1,594
15443,11,3,1054
15445,202,1,113
15447,268,1,155
15448,250,1,494
15449,123,2,647
15452,9,2,413
15453,30,4,712
15454,300,1,179
15456,221,3,447
15457,200,1,237
15460,292,1,216
15462,32,3,234
15464,276,1,1048
15465,20,16,6419
15466,23,1,334
15467,83,2,402
15469,58,1,304
15472,51,1,371
15475,15,1,454
15482,103,4,2103
15483,99,4,233
15484,16,1,1636
15485,274,2,1278
15488,30,1,91
15489,149,1,348
15491,33,6,3100
15492,12,1,487
15493,87,3,1318
15494,59,1,1127
15497,257,1,970
15498,22,21,10183
15500,19,1,406
15502,5,10,9737
15503,300,1,147
15504,19,1,52
15505,22,4,2730
15506,76,1,209
15507,109,1,492
15508,127,6,1000
15510,268,1,250
15511,23,1,202
15512,93,2,121
15513,32,17,11352
15514,163,6,2561
15517,171,1,267
15518,2,8,1942
15521,32,7,2326
15522,25,1,259
15523,22,1,412
15525,311,1,313
15527,27,6,1608
15528,192,1,229
15529,4,10,3643
15530,87,3,1168
15532,69,3,1225
15533,20,2,554
15535,111,4,536
15537,101,1,110
15541,52,1,85
15543,226,1,127
15544,57,7,2772
15545,309,1,135
15547,6,12,4199
15549,15,3,1693
15550,44,3,433
15552,155,1,90
15554,215,1,217
15555,6,12,3434
15561,87,3,449
15562,289,1,134
15563,138,2,735
15565,8,1,88
15568,11,1,228
15569,41,5,1375
15570,79,9,2826
15571,16,1,202
15572,47,4,1555
15573,23,1,410
15574,115,4,702
15577,89,3,258
15578,100,1,127
15579,6,2,348
15581,58,13,3680
15582,38,2,541
15584,10,2,292
15585,114,1,455
15587,27,3,801
15589,193,3,478
15593,8,1,199
15594,19,3,1506
15596,38,5,1406
15599,142,1,448
15601,27,12,5817
15602,8,6,945
15603,16,1,48
15605,27,4,894
15606,57,8,2439
15607,274,1,104
15608,58,1,285
15609,122,1,298
15611,8,10,1095
15615,1,20,8192
15618,30,3,419
15620,158,2,875
15622,24,8,3327
15623,79,1,301
15624,54,4,588
15625,41,4,1534
15626,12,2,675
15628,3,6,2041
15630,142,1,396
15632,1,7,2979
15636,27,2,724
15639,72,1,425
15640,16,12,9443
15641,43,4,1887
15643,129,3,664
15644,104,4,813
15646,95,3,447
15648,142,2,657
15649,274,2,816
15651,198,1,227
15652,29,1,337
15653,30,2,877
15655,181,1,560
15656,116,3,563
15658,128,5,1024
15660,23,7,1256
15661,255,2,309
15663,44,1,138
15665,106,2,2242
15668,155,1,76
15669,41,3,565
15670,234,1,173
15671,32,5,1972
15673,26,4,2881
15674,11,5,2446
15675,19,3,323
15676,221,1,897
15679,92,2,260
15680,304,1,478
15681,121,3,703
15683,55,1,193
15687,3,6,2241
15689,57,2,254
15690,38,1,111
15691,190,1,136
15694,4,10,4716
15695,204,2,410
15696,17,7,2016
15700,110,2,696
15701,6,3,1223
15703,202,1,211
15704,78,4,2293
15705,139,1,143
15706,1,4,1060
15707,2,2,355
15708,76,6,2700
15709,221,1,133
15712,9,4,865
15713,81,2,356
15714,15,1,132
15716,83,4,1118
15717,172,1,150
15719,1,12,4428
15722,46,3,1424
15723,302,1,203
15724,139,2,218
15727,45,6,4609
15729,150,1,85
15730,3,3,1120
15732,150,2,294
15733,220,1,162
15734,52,2,1339
15737,17,6,1081
15738,1,14,4160
15739,4,1,449
15743,51,2,434
15744,15,1,34
15745,11,2,607
15746,72,1,196
15747,58,2,549
15749,173,3,44534
15750,10,5,1617
15752,31,6,2104
15753,242,1,79
15754,11,2,303
15755,12,5,2076
15756,90,3,364
15757,3,2,714
15759,156,3,253
15762,3,2,583
15763,15,1,522
15764,26,6,3280
15766,2,1,315
15768,53,3,621
15769,2,22,48367
15774,6,1,270
15775,183,1,104
15776,71,1,241
15777,179,4,1047
15780,121,3,475
15781,75,2,211
15782,27,1,1638
15785,95,4,1665
15786,52,1,3160
15789,296,1,351
15791,142,1,1223
15793,206,1,306
15795,87,1,610
15796,10,6,1887
15797,51,4,2207
15799,13,3,884
15800,45,2,699
15801,47,1,137
15802,80,1,451
15804,2,9,3173
15805,2,12,3838
15806,95,2,521
15807,15,1,635
15808,244,4,3735
15809,122,4,399
15810,16,4,1392
15811,43,5,1773
15812,45,5,1801
15813,145,2,1303
15815,1,5,2100
15819,69,3,1585
15820,257,1,207
15822,297,1,440
15823,310,1,15
15825,110,1,532
15826,148,1,720
15827,11,14,1836
15829,37,2,636
15831,62,2,451
15832,192,1,836
15834,8,4,2233
15835,75,3,675
15837,2,1,392
15838,2,14,28333
15839,18,2,790
15840,110,1,241
15841,10,4,1224
15843,241,1,119
15845,24,6,3070
15847,226,1,180
15850,106,1,118
15852,124,2,160
15854,24,10,2839
15855,74,5,712
15856,3,18,11945
15858,15,3,970
15860,13,7,875
15861,72,3,1130
15862,50,3,659
15863,130,1,9
15864,4,4,1478
15865,26,2,603
15866,39,1,230
15867,8,13,3307
15869,215,2,149
15874,1,7,4405
15880,307,1,343
15881,250,5,501
15882,136,4,516
15885,30,3,379
15888,18,1,168
15889,94,2,446
15891,164,1,524
15894,191,2,263
15895,87,1,179
15897,132,2,222
15898,164,4,1003
15899,306,1,56
15901,15,2,233
15903,8,4,2520
15906,6,5,1388
15907,114,2,529
15909,111,1,191
15910,2,6,851
15912,116,2,264
15916,15,6,967
15917,185,1,123
15918,128,2,334
15919,306,1,270
15920,92,4,167
15921,110,1,336
15922,311,1,369
15923,310,1,127
15925,132,1,207
15930,5,1,426
15932,26,7,2195
15933,9,2,728
15935,177,2,416
15937,2,1,145
15938,50,5,404
15939,27,15,6115
15940,249,1,35
15942,71,1,337
15944,214,1,325
15945,303,1,181
15947,20,1,1708
15949,9,1,237
15950,16,3,1347
15951,223,1,375
15952,6,3,581
15953,3,5,1077
15955,4,11,2974
15958,12,1,104
15965,305,1,156
15967,256,1,173
15969,123,1,308
15970,241,1,314
15971,5,9,2586
15973,304,1,307
15974,33,6,2895
15975,22,1,371
15976,103,2,430
15978,15,1,1098
15980,26,3,2398
15981,15,7,2849
15983,298,3,1148
15984,9,8,2092
15985,61,2,1142
15987,58,6,1206
15990,225,1,401
15996,26,6,1060
15998,25,4,2510
16003,72,3,1793
16005,120,2,298
16006,149,1,101
16007,6,3,1485
16008,13,2,330
16009,97,1,462
16010,183,3,407
16011,9,13,2467
16012,66,2,1132
16013,5,38,25859
16014,90,2,529
16016,17,5,926
16018,118,1,161
16019,74,7,2952
16020,3,1,518
16022,198,1,628
16023,130,2,500
16027,29,6,934
16029,1,58,69716
16030,247,1,331
16031,30,2,548
16033,4,18,7201
16034,134,3,437
16036,25,2,758
16037,207,3,855
16038,115,2,393
16040,3,3,1313
16041,79,2,2739
16042,45,2,460
16043,149,3,676
16045,57,4,1340
16048,311,2,256
16049,13,1,488
16050,111,1,137
16053,60,1,1124
16054,83,1,783
16055,158,1,134
16057,34,6,1544
16059,3,6,1459
16062,71,3,778
16063,198,1,335
16065,303,1,372
16066,62,1,316
16072,226,1,584
16073,235,1,122
16076,17,6,1455
16078,221,1,79
16080,19,2,217
16081,25,4,2591
16083,38,2,1317
16084,237,1,436
16085,17,3,619
16086,36,4,899
16091,92,2,315
16092,52,3,817
16093,44,1,17
16094,157,1,252
16096,202,1,320
16097,178,1,185
16098,25,7,2005
16099,75,2,592
16101,8,1,1290
16102,36,2,1392
16103,17,5,1413
16105,186,1,337
16106,3,1,108
16107,27,4,1810
16108,22,1,842
16109,156,2,611
16110,200,2,693
16112,81,4,195
16113,121,1,161
16114,108,1,135
16115,10,6,1293
16116,149,1,612
16117,127,1,232
16119,10,1,309
16121,153,1,287
16122,11,4,684
16124,255,1,249
16125,305,1,289
16126,39,3,3706
16128,15,3,1412
16131,53,4,2278
16133,8,25,12078
16134,297,1,283
16135,200,1,517
16136,15,2,302
16139,50,2,306
16140,3,2,725
16141,26,1,620
16142,187,1,535
16143,46,5,1949
16144,184,1,175
16145,11,9,2941
16146,95,3,734
16147,71,1,375
16148,234,1,76
16149,80,1,163
16150,26,4,1748
16152,206,1,1829
16153,53,4,1023
16156,23,6,2125
16157,10,1,168
16159,219,1,348
16160,3,2,1025
16161,16,14,3901
16162,190,1,37
16163,170,2,856
16168,12,19,2795
16169,13,1,587
16170,50,5,1560
16172,33,5,1140
16173,16,3,744
16174,64,3,1009
16175,32,4,1037
16178,76,1,197
16180,38,8,10254
16181,11,1,305
16182,10,4,6617
16183,5,1,338
16184,2,6,1158
16185,170,1,335
16186,4,10,3362
16187,13,13,6282
16188,79,3,755
16189,23,1,144
16191,200,8,2615
16193,174,1,314
16198,13,1,400
16200,102,1,550
16201,47,1,303
16202,298,1,365
16203,85,3,378
16205,5,2,435
16206,62,3,409
16208,227,1,497
16209,26,5,2262
16210,1,13,12135
16211,26,1,547
16212,221,1,498
16213,16,1,159
16214,108,3,1062
16215,18,1,242
16216,205,1,914
16217,173,2,304
16218,52,6,2635
16221,213,2,315
16222,256,1,846
16224,79,3,865
16225,87,4,953
16226,141,3,255
16227,163,1,314
16229,25,2,1010
16230,127,2,542
16232,81,3,725
16233,9,3,536
16235,19,4,675
16236,16,1,432
16239,127,1,347
16240,15,1,1824
16241,34,10,1786
16242,4,4,1671
16244,149,2,1522
16245,59,2,769
16247,108,1,114
16249,50,4,1440
16250,199,2,389
16253,4,2,3683
16255,33,7,2182
16256,204,1,752
16257,114,1,47
16258,65,4,3741
16261,13,3,562
16265,48,7,4062
16266,11,7,861
16268,9,2,667
16270,291,1,1141
16271,64,3,893
16272,54,1,411
16274,311,1,358
16275,134,1,559
16276,114,1,810
16278,38,1,566
16279,25,2,731
16281,10,1,2062
16282,277,1,168
16283,6,4,1330
16287,107,1,142
16292,59,1,302
16293,29,6,1454
16295,2,1,355
16297,206,1,301
16298,124,1,114
16302,64,1,233
16303,53,2,4036
16305,76,1,361
16306,151,6,632
16308,45,3,1600
16309,44,2,706
16315,268,1,226
16316,2,8,2938
16317,57,3,1341
16319,155,1,404
16323,134,1,207
16324,66,3,428
16325,93,2,416
16326,13,9,1739
16327,18,5,3172
16330,50,2,49
16332,10,4,1128
16333,4,19,19352
16338,95,1,214
16339,222,1,110
16340,45,1,549
16341,23,2,1531
16342,13,4,322
16344,96,1,101
16348,16,5,1050
16349,228,1,53
16350,2,3,1001
16351,270,1,153
16353,6,16,3968
16354,1,2,395
16356,135,3,211
16357,100,2,258
16358,1,3,1594
16359,3,8,1640
16360,4,3,1482
16361,9,1,334
16362,29,3,380
16364,75,1,347
16365,61,7,862
16367,300,1,170
16369,18,2,851
16370,20,4,1320
16374,4,2,473
16377,205,1,676
16378,185,3,363
16379,16,1,478
16383,12,2,668
16384,27,2,584
16385,96,2,274
16386,191,1,61
16387,260,1,94
16389,16,3,1078
16392,207,1,221
16393,32,9,1765
16394,10,4,1241
16395,16,4,1272
16398,92,2,1705
16399,173,1,178
16400,32,1,303
16401,24,8,2773
16402,202,2,299
16403,250,1,177
16404,8,1,443
16405,240,2,167
16407,12,9,1794
16409,25,4,1420
16411,307,1,131
16414,218,1,50
16418,30,2,368
16419,50,6,972
16422,2,44,30997
16424,129,1,133
16425,240,1,302
16426,30,4,689
16427,201,2,241
16429,44,1,284
16431,151,3,642
16432,2,1,287
16434,34,4,906
16438,20,1,204
16440,4,2,705
16441,5,2,381
16442,165,2,437
16444,33,3,541
16446,143,1,2
16447,73,1,259
16448,136,1,188
16449,135,2,707
16450,87,1,311
16451,25,1,267
16454,2,1,5
16455,1,7,1841
16456,37,5,2158
16457,156,1,208
16458,10,13,2485
16460,10,2,512
16461,115,1,151
16462,11,3,136
16463,142,1,319
16464,18,2,998
16466,41,5,1002
16468,12,1,74
16469,25,3,462
16470,53,3,539
16471,212,1,224
16473,102,3,316
16474,4,4,1059
16475,26,4,544
16477,1,7,2494
16478,2,2,235
16480,13,1,769
16483,130,1,139
16484,111,2,404
16485,15,1,363
16488,52,2,354
16493,17,4,1351
16494,234,1,826
16495,214,2,246
16496,145,2,1185
16497,141,5,1550
16498,99,2,101
16499,298,2,365
16500,268,1,165
16503,44,4,1431
16509,234,1,363
16510,310,1,248
16511,82,2,582
16515,29,4,1250
16517,215,1,162
16518,222,1,190
16519,303,1,103
16520,124,3,1046
16523,17,15,6781
16525,17,23,11501
16526,109,1,290
16527,19,1,228
16529,128,1,455
16531,12,5,889
16532,73,2,4516
16533,6,1,377
16536,48,1,549
16539,157,3,1053
16545,102,1,339
16546,228,2,787
16549,27,3,1234
16550,46,5,2299
16551,33,3,922
16552,180,2,379
16553,101,12,5719
16554,160,2,314
16555,47,1,152
16556,4,7,3313
16557,75,1,101
16558,1,16,5329
16560,296,1,332
16565,302,1,173
16566,108,3,463
16567,132,2,865
16570,65,6,2134
16571,114,2,896
16572,65,3,1009
16573,22,2,663
16574,9,1,451
16581,120,1,105
16582,51,1,313
16583,311,1,233
16584,18,2,936
16586,186,1,464
16587,170,1,225
16589,9,3,459
16591,6,1,213
16592,74,10,2214
16593,127,2,255
16594,13,1,181
16596,304,1,120
16598,223,1,145
16600,12,3,353
16603,12,2,482
16607,11,11,2581
16609,25,6,4029
16610,157,1,75
16611,124,1,129
16612,57,3,870
16613,8,1,618
16614,120,1,506
16616,95,1,210
16617,173,1,151
16618,148,4,1441
16619,201,1,226
16620,198,1,95
16621,85,3,609
16623,183,1,129
16624,18,2,810
16625,212,1,333
16626,6,10,2852
16627,17,1,322
16628,44,4,1619
16629,11,2,417
16633,16,4,1509
16634,160,2,217
16637,61,2,530
16638,37,9,1550
16639,144,2,471
16641,43,1,231
16642,145,1,307
16643,183,1,487
16644,115,2,833
16647,107,2,214
16650,9,1,518
16652,47,5,4525
16653,9,1,1117
16654,79,4,601
16655,13,4,2911
16656,17,12,7470
16657,86,2,446
16658,306,1,123
16659,127,1,39
16660,148,2,384
16665,300,1,135
16667,6,2,570
16668,54,5,266
16669,16,2,729
16670,44,8,3240
16671,102,1,1382
16672,10,18,7327
16674,36,1,122
16676,151,3,1098
16678,36,8,2137
16679,304,1,129
16681,10,6,1770
16682,30,3,810
16684,3,21,51930
16686,36,6,2479
16689,13,2,422
16690,10,2,225
16692,194,2,1276
16693,6,2,482
16696,73,4,657
16697,179,1,112
16698,164,2,1998
16700,18,11,4423
16701,67,10,4050
16705,12,12,10160
16706,36,2,411
16709,22,5,3029
16710,12,8,2093
16711,78,3,909
16712,33,8,2499
16713,4,13,5302
16714,156,3,1161
16715,16,1,301
16716,204,2,901
16717,33,4,1559
16718,307,1,623
16719,12,6,1497
16721,200,1,292
16722,3,11,3971
16723,29,2,589
16725,240,7,781
16726,134,4,795
16727,302,1,272
16728,104,3,550
16729,8,19,6172
16730,172,2,480
16734,52,2,306
16735,16,5,2300
16738,235,1,3
16739,114,1,323
16743,51,6,1885
16744,13,4,628
16745,24,17,7194
16746,13,14,5321
16747,5,1,480
16748,155,3,910
16750,11,4,509
16752,310,1,207
16754,310,1,2002
16755,52,3,1496
16756,152,1,239
16757,256,1,106
16758,3,1,369
16761,34,1,316
16762,82,1,314
16763,136,1,611
16764,1,7,1323
16765,232,1,34
16766,211,2,1145
16767,31,7,4825
16768,41,2,286
16769,198,1,380
16770,174,4,656
16771,13,4,2102
16774,5,4,661
16775,10,9,1358
16777,18,2,226
16778,12,2,245
16779,9,16,7286
16780,38,2,425
16781,310,1,311
16782,15,10,1804
16788,61,2,597
16791,60,5,800
16792,220,2,110
16794,27,5,720
16795,303,1,414
16796,27,1,305
16801,101,4,1619
16803,3,1,332
16804,208,1,118
16805,111,2,460
16806,41,4,801
16807,80,3,1121
16808,37,2,288
16809,74,3,470
16810,130,1,309
16812,298,1,479
16813,16,8,1299
16814,2,18,5896
16816,41,4,417
16817,123,7,1179
16818,9,10,3221
16820,33,1,497
16823,165,1,358
16824,102,1,222
16825,123,1,318
16828,31,2,128
16829,94,1,197
16832,122,3,199
16833,197,3,671
16834,165,1,413
16835,66,2,180
16836,54,1,91
16837,95,9,1911
16838,135,2,588
16839,1,26,12980
16841,75,5,1561
16842,38,3,1264
16843,3,15,9818
16849,124,1,124
16850,271,1,332
16852,114,1,113
16858,306,1,375
16859,82,2,747
16861,96,1,70
16863,304,1,164
16866,78,3,207
16869,103,2,387
16871,27,5,2367
16872,15,3,680
16873,65,4,3871
16875,5,5,2095
16877,90,2,189
16878,22,1,13
16880,37,6,1109
16881,4,1,432
16882,4,3,705
16883,125,2,276
16885,295,1,190
16889,132,3,1578
16891,33,3,560
16892,121,1,103
16893,304,1,145
16895,2,1,219
16897,237,2,289
16898,115,2,319
16899,27,4,588
16900,1,1,752
16902,54,1,1706
16904,32,14,3049
16905,174,3,853
16906,19,4,579
16907,86,4,711
16909,10,1,379
16910,1,5,890
16912,5,10,2419
16913,228,1,113
16915,65,4,382
16916,310,1,198
16917,214,1,391
16918,1,5,1031
16919,94,11,2596
16923,6,15,5579
16924,2,2,523
16926,309,1,230
16927,53,3,543
16928,18,17,2847
16929,9,3,539
16930,6,2,207
16931,13,15,3198
16933,177,1,224
16938,117,3,2410
16940,107,2,1868
16942,74,7,1449
16943,149,3,816
16945,23,14,3292
16947,173,1,406
16948,76,3,435
16949,123,4,893
16950,62,2,778
16951,72,3,1277
16952,47,2,167
16954,62,4,1245
16955,122,4,518
16957,177,2,416
16959,25,1,117
16960,190,1,201
16961,54,1,234
16963,125,1,110
16965,164,1,201
16966,108,4,1486
16967,127,1,319
16968,45,1,253
16969,72,2,479
16976,205,1,251
16978,15,1,344
16979,85,2,555
16980,193,2,1079
16983,34,5,1190
16984,26,2,4481
16985,26,8,4080
16987,108,3,629
16989,1,4,1027
16990,156,1,179
16992,36,3,972
16996,59,5,1041
16997,226,3,702
16998,87,4,295
16999,12,1,245
17001,29,8,2793
17002,23,3,1493
17004,30,1,1006
17006,13,1,280
17007,93,5,575
17014,4,1,188
17015,9,2,1570
17017,10,15,6246
17018,263,1,405
17019,199,3,995
17024,37,2,56
17025,311,2,161
17026,123,2,154
17027,16,6,890
17029,48,2,716
17030,1,1,146
17031,92,1,226
17033,24,3,1030
17034,17,2,364
17035,183,2,433
17037,25,1,1267
17040,75,1,449
17041,46,2,750
17042,59,4,922
17043,116,2,325
17045,51,3,339
17046,95,1,642
17047,23,3,1100
17048,55,3,925
17049,22,6,3241
17050,34,6,3228
17051,132,1,247
17053,68,1,498
17054,75,4,1207
17058,19,3,1179
17059,48,4,2250
17060,204,1,234
17061,11,11,5232
17062,251,4,538
17063,101,4,671
17064,120,2,461
17068,2,18,3935
17069,15,7,2058
17070,52,1,312
17071,26,7,1694
17073,20,2,841
17075,191,3,696
17076,211,2,334
17079,16,1,118
17080,207,1,76
17082,256,1,636
17083,47,3,1405
17085,61,5,1566
17086,1,1,412
17088,10,3,1751
17090,26,5,1517
17091,36,7,2692
17092,25,3,989
17094,260,1,302
17095,237,2,544
17096,81,2,443
17101,116,1,230
17102,199,1,25
17105,97,2,665
17107,13,4,8516
17109,170,2,464
17110,103,1,163
17114,76,6,603
17115,120,2,612
17117,226,1,116
17118,255,1,157
17120,171,1,307
17122,57,1,138
17123,99,1,345
17124,123,1,298
17126,90,5,1004
17128,272,1,157
17131,13,1,789
17133,25,4,4137
17134,44,2,425
17135,227,2,500
17138,213,1,380
17139,2,10,9560
17140,185,1,465
17142,177,1,579
17144,22,1,595
17146,43,3,749
17147,18,3,1349
17152,132,3,1689
17154,13,1,329
17155,115,1,143
17157,114,1,161
17158,170,2,698
17159,13,2,926
17160,47,5,3001
17162,69,9,1463
17163,16,1,123
17164,17,4,2016
17165,222,1,158
17166,141,1,127
17169,121,1,308
17171,227,1,224
17172,16,1,317
17173,54,2,961
17174,155,1,59
17175,79,3,1132
17176,139,1,306
17179,116,3,711
17180,179,3,564
17181,311,1,155
17183,43,1,329
17187,164,1,204
17188,102,5,1815
17189,44,2,384
17190,145,1,195
17191,32,6,1563
17193,24,3,747
17194,211,2,262
17198,303,2,521
17204,113,4,1564
17211,118,6,1464
17212,191,1,226
17213,79,5,1780
17214,23,5,864
17217,172,1,113
17218,9,7,1360
17220,9,11,2620
17222,3,1,354
17223,248,2,426
17226,246,1,393
17227,8,4,613
17228,1,6,1488
17229,34,2,318
17230,202,8,3638
17231,2,8,2319
17234,120,1,149
17235,310,1,341
17236,117,5,697
17238,22,12,2224
17239,250,1,382
17242,46,2,1135
17243,16,17,4702
17245,142,1,171
17248,58,1,318
17250,199,1,162
17251,300,1,283
17252,54,2,353
17255,237,1,112
17256,45,2,240
17259,86,2,603
17262,165,4,955
17263,146,1,63
17265,76,2,562
17266,85,1,113
17267,65,2,317
17268,45,4,763
17272,137,2,1409
17277,165,2,1065
17278,179,1,246
17282,68,3,1703
17284,58,5,1494
17287,12,6,880
17288,145,5,663
17289,118,1,167
17291,246,1,550
17293,23,6,1117
17295,2,1,279
17298,39,2,498
17299,27,3,578
17302,60,3,661
17303,299,1,250
17306,9,16,7206
17309,33,1,82
17311,16,2,1384
17312,76,3,644
17314,86,5,1506
17315,13,32,4937
17317,27,1,2027
17320,38,3,1200
17321,5,1,659
17323,62,4,537
17324,269,2,702
17325,218,1,96
17329,253,1,243
17330,5,1,264
17331,61,1,175
17333,23,1,494
17334,240,2,307
17337,89,4,2027
17338,52,7,5207
17339,32,2,243
17340,18,10,8459
17341,94,3,781
17343,293,1,193
17345,31,3,284
17346,41,8,1266
17347,24,1,229
17348,9,2,660
17349,117,1,110
17351,107,2,427
17353,67,2,1740
17356,249,1,178
17358,241,2,365
17360,122,1,331
17361,124,2,263
17362,177,2,312
17364,75,6,2633
17365,25,6,3497
17367,176,1,168
17368,31,6,1635
17370,10,4,446
17371,299,1,97
17372,104,6,1061
17373,9,3,433
17374,156,2,495
17375,137,3,400
17376,8,2,203
17377,12,11,2336
17381,4,27,19372
17382,3,1,65
17384,157,1,227
17386,37,5,1697
17388,15,4,1259
17389,12,26,13595
17391,101,2,508
17392,244,2,457
17394,157,1,203
17396,5,7,6835
17398,52,3,653
17400,64,5,2130
17402,23,9,1847
17405,10,2,883
17406,271,3,2200
17408,101,1,32
17409,122,2,771
17410,34,2,419
17411,13,2,569
17412,134,4,709
17414,122,1,598
17415,17,1,507
17416,15,6,5878
17418,261,1,167
17419,2,9,3125
17420,109,2,391
17422,31,5,1699
17423,155,1,449
17426,29,4,4280
17427,9,1,100
17428,2,23,15308
17429,66,3,524
17430,303,1,112
17431,251,1,403
17433,26,1,303
17434,23,1,499
17436,164,1,122
17438,191,1,388
17440,94,3,186
17442,31,5,1921
17446,114,2,120
17447,9,1,372
17449,32,4,1497
17450,8,33,161183
17451,19,2,561
17453,2,1,342
17454,130,4,517
17455,141,1,131
17456,303,1,249
17457,64,5,1737
17460,32,6,622
17462,222,1,463
17463,114,3,1245
17464,96,1,290
17466,16,1,460
17469,10,4,1492
17470,65,4,816
17472,129,3,710
17475,17,1,194
17480,15,1,511
17481,31,1,260
17483,3,3,414
17486,199,1,396
17489,150,1,208
17490,2,4,1321
17491,12,7,2423
17492,186,1,374
17496,296,1,271
17498,13,1,272
17499,227,1,622
17501,158,2,288
17504,144,9,2997
17505,99,2,1145
17506,13,1,302
17507,199,2,605
17509,1,6,4318
17511,3,24,68261
17512,59,8,1891
17513,10,1,513
17514,66,1,208
17515,144,3,571
17516,57,4,608
17517,246,1,153
17519,71,5,1488
17521,3,2,497
17522,76,4,912
17524,299,1,145
17525,297,1,422
17526,228,3,872
17527,18,3,788
17528,9,2,1107
17530,23,7,1763
17531,128,1,296
17535,218,1,164
17536,115,1,76
17537,241,1,630
17540,254,1,268
17542,207,1,170
17548,171,1,103
17550,135,3,267
17551,297,1,306
17552,9,3,913
17553,67,1,1487
17554,60,2,1249
17555,272,1,195
17556,143,1,157
17557,19,1,288
17560,32,4,855
17562,25,5,852
17564,18,1,119
17567,30,6,2925
17569,270,1,344
17571,83,3,561
17572,9,4,226
17573,23,2,182
17574,180,1,185
17576,11,16,2778
17578,156,1,143
17579,75,2,270
17580,190,3,215
17581,16,19,8378
17582,174,1,175
17584,65,1,749
17585,47,4,1133
17588,38,3,1240
17589,89,3,1843
17591,11,7,2226
17593,29,4,3249
17594,23,2,993
17596,1,5,2350
17597,151,1,2044
17601,177,1,116
17602,23,3,2154
17603,16,1,394
17604,155,2,309
17609,11,3,751
17611,10,10,3016
17612,33,5,1682
17613,19,10,3781
17615,68,3,329
17616,111,3,571
17618,186,2,666
17619,250,1,218
17621,250,2,901
17624,156,1,400
17625,78,2,1234
17628,19,1,75
17629,4,6,1392
17630,107,2,503
17631,75,2,416
17633,9,3,1004
17634,30,7,2080
17637,53,1,339
17639,214,1,108
17640,24,1,621
17642,57,2,712
17643,311,1,101
17644,16,8,2132
17646,157,3,1008
17647,3,1,133
17648,130,3,1107
17649,76,1,868
17651,2,6,2716
17652,5,8,3643
17653,37,2,343
17654,215,1,117
17655,54,5,1903
17656,11,5,1674
17658,149,1,317
17659,38,9,1653
17660,79,1,196
17663,22,5,1287
17664,150,1,326
17666,3,1,409
17667,4,5,2055
17669,23,6,3194
17670,165,1,205
17671,95,3,1098
17672,247,1,1177
17673,4,5,1516
17674,12,2,551
17675,8,25,15125
17676,47,4,730
17677,20,22,12721
17678,201,1,298
17679,23,1,1643
17682,53,5,1899
17685,26,6,2799
17686,18,6,5110
17690,3,12,3677
17691,296,2,290
17692,65,4,740
17693,75,1,200
17694,79,1,283
17695,69,2,765
17696,46,7,1915
17697,174,1,339
17698,198,1,155
17700,32,3,1681
17701,190,1,418
17702,46,3,1338
17703,47,2,491
17704,106,2,885
17705,12,7,1191
17706,38,12,8027
17707,123,2,152
17708,125,2,267
17709,107,1,137
17711,227,1,220
17714,258,1,153
17715,138,1,326
17716,13,9,5002
17718,170,1,139
17719,13,14,5088
17720,51,3,887
17722,34,4,2424
17723,65,6,3276
17724,9,3,1033
17725,8,9,2841
17728,3,2,2288
17730,16,9,3547
17731,17,4,1240
17732,310,1,304
17733,199,1,217
17734,74,2,540
17735,3,17,11653
17736,51,1,307
17738,86,3,1571
17739,3,5,2047
17742,51,2,355
17744,188,4,1289
17746,178,1,110
17747,50,1,71
17749,116,2,674
17750,20,6,1401
17752,297,1,80
17754,3,3,949
17757,8,22,3735
17758,17,5,2122
17759,107,2,167
17760,311,1,172
17763,201,1,15
17764,149,1,262
17765,96,3,371
17768,104,1,411
17769,76,4,1828
17770,136,5,1143
17771,261,1,115
17774,34,4,1225
17775,192,1,56
17777,38,1,194
17779,25,2,489
17781,97,2,188
17783,10,2,283
17786,23,2,278
17787,90,4,1865
17788,11,2,1117
17789,219,1,225
17790,58,12,1363
17795,117,2,350
17796,251,3,622
17797,120,1,272
17799,37,9,2531
17800,29,7,916
17802,20,3,1285
17805,11,1,512
17809,67,8,2856
17811,6,28,5394
17812,306,1,217
17813,2,2,1350
17816,3,3,30
17817,215,2,269
17819,9,7,3704
17827,180,4,1583
17830,199,2,287
17837,3,5,800
17838,27,4,2312
17841,1,94,27241
17843,241,1,205
17846,23,1,2033
17848,19,9,901
17849,156,4,605
17850,310,34,5391
17854,123,2,311
17855,310,1,209
17856,171,3,1142
17857,10,15,14839
17858,20,10,3922
17859,242,1,148
17860,306,1,252
17861,74,5,1301
17862,261,1,330
17863,18,5,2127
17864,27,2,480
17865,17,17,8515
17866,80,1,329
17867,81,4,957
17869,45,5,428
17870,9,8,909
17871,142,1,155
17873,18,5,1859
17874,123,6,683
17877,108,1,237
17879,111,1,178
17880,302,1,458
17881,242,1,133
17883,24,2,197
17884,249,3,602
17886,148,2,396
17887,67,1,111
17888,17,5,365
17889,150,2,203
17890,260,2,602
17891,100,1,203
17892,93,1,142
17893,163,1,112
17894,9,8,1119
17897,110,3,566
17898,23,2,152
17899,97,1,155
17900,128,2,112
17905,9,4,800
17906,185,1,72
17908,311,1,243
17912,248,5,311
17913,293,1,218
17917,194,2,230
17919,26,1,1304
17920,16,10,2633
17921,2,4,826
17923,220,1,207
17924,5,3,2076
17925,310,1,244
17926,71,2,397
17928,184,1,78
17929,50,3,707
17930,2,4,1313
17931,72,2,408
17932,111,2,934
17935,76,2,145
17937,52,5,3614
17939,97,1,99
17940,46,9,3914
17941,68,1,304
17946,171,2,149
17948,85,1,358
17949,8,36,52697
17950,10,3,482
17951,296,2,409
17954,6,11,2039
17955,136,4,557
17956,187,1,12
17957,4,1,111
17958,54,1,508
17960,109,1,73
17961,8,36,1269
17962,80,1,102
17964,310,1,261
17965,29,12,2271
17966,89,4,594
17967,309,1,123
17968,311,1,277
17969,104,2,228
17970,149,1,582
17972,179,1,136
17974,157,1,172
17975,1,12,4241
17976,310,1,353
17978,303,1,300
17979,106,3,504
17980,103,3,811
17984,83,1,152
17987,123,1,198
17988,55,5,146
17990,174,3,630
17991,163,2,93
17994,59,4,678
17995,219,1,76
17997,12,8,1970
17999,304,1,190
18001,24,1,252
18004,300,1,169
18008,8,9,2116
18009,173,1,257
18010,194,1,174
18011,311,1,102
18013,93,2,187
18016,12,4,1113
18017,19,3,523
18018,46,2,122
18024,90,2,389
18027,36,1,115
18032,272,1,73
18033,3,1,98
18036,43,2,254
18037,92,6,70
18040,183,1,239
18041,8,18,3575
18043,144,2,451
18044,25,8,1537
18048,141,2,172
18050,297,1,74
18053,8,1,300
18055,22,8,4905
18056,226,1,363
18059,5,1,124
18061,3,9,2027
18062,111,3,720
18064,71,2,814
18065,24,11,1949
18066,13,1,318
18068,227,1,101
18069,26,4,1782
18071,195,2,453
18072,123,1,247
18073,52,12,3877
18074,311,1,489
18075,44,8,1957
18077,41,7,1670
18078,155,2,336
18079,64,2,2206
18080,180,1,841
18081,50,2,208
18085,268,2,690
18086,212,1,101
18087,36,2,4055
18092,24,9,7155
18093,31,4,2106
18094,19,7,3017
18095,250,2,580
18096,1,1,148
18097,64,5,2011
18099,65,1,168
18101,81,1,110
18102,4,48,203146
18106,267,1,430
18108,192,1,271
18109,2,20,5560
18112,104,1,196
18113,306,1,76
18114,228,1,220
18116,5,8,1418
18118,15,20,4435
18119,305,1,181
18120,152,1,111
18121,87,2,673
18122,22,2,321
18125,139,3,945
18127,71,1,139
18129,181,1,112
18133,150,1,931
18135,18,2,233
18136,1,3,784
18138,233,1,152
18142,95,2,1019
18143,54,2,1000
18144,16,10,2341
18145,25,3,2103
18146,78,2,160
18147,46,1,98
18149,153,2,549
18150,78,2,413
18151,72,2,653
18155,13,3,371
18156,307,1,206
18158,26,1,343
18159,239,1,530
18160,138,1,318
18161,2,4,1156
18165,115,1,302
18167,43,1,498
18168,114,6,1169
18170,50,2,655
18171,37,4,994
18172,16,14,6373
18173,24,4,2106
18176,296,1,476
18177,95,5,1037
18178,66,4,1590
18179,190,4,1103
18180,18,4,1206
18183,165,2,632
18185,187,1,304
18188,15,2,1608
18189,15,2,1090
18190,130,2,284
18191,199,1,207
18192,9,1,958
18193,103,1,243
18194,20,1,973
18196,33,2,689
18198,9,15,4804
18200,44,1,163
18202,137,3,1397
18203,95,1,160
18204,9,3,1993
18205,12,1,225
18210,205,1,142
18211,23,3,420
18212,264,1,248
18213,174,1,232
18215,27,1,299
18217,8,1,317
18218,149,2,662
18219,87,8,1367
18220,164,1,305
18221,2,4,878
18222,30,1,443
18223,3,12,4516
18224,201,1,159
18225,22,8,3919
18226,19,10,4735
18227,155,1,93
18228,17,1,420
18229,8,16,5852
18230,32,5,2146
18231,130,5,2083
18232,19,4,593
18233,263,1,440
18235,9,3,1796
18236,17,5,773
18237,3,4,861
18239,156,5,1561
18241,12,13,1643
18242,10,4,2232
18245,87,6,1672
18246,171,1,232
18248,60,2,804
18250,248,1,349
18251,25,1,4314
18252,109,1,69
18255,27,1,103
18257,5,7,2095
18259,23,2,1268
18260,110,6,2643
18261,33,1,224
18262,78,1,149
18263,93,2,811
18265,10,2,801
18268,72,1,25
18269,304,1,168
18270,204,1,112
18272,51,4,2106
18273,33,2,153
18278,11,1,173
18280,215,1,180
18281,118,1,80
18282,64,1,100
18283,33,10,1120
18287,139,1,765
