CustomerID,Recency,Frequency,Monetary,y_HighValueChurn
12346,263,1,77183,1
12747,4,9,3444,0
12748,1,144,20082,0
12749,68,3,2755,0
12820,12,2,388,0
12821,152,1,92,0
12822,8,2,948,1
12823,12,5,1759,1
12826,9,5,1052,0
12828,3,4,661,0
12829,274,2,293,0
12830,29,5,6414,0
12831,200,1,215,0
12832,36,1,267,0
12833,83,1,417,1
12834,220,1,312,0
12836,75,3,2112,0
12837,111,1,134,0
12838,311,1,390,0
12839,9,10,3376,0
12840,81,4,2726,1
12841,3,19,3268,0
12842,8,2,1119,1
12843,3,8,1702,1
12844,68,1,174,0
12845,205,4,354,1
12849,206,1,704,0
12851,34,1,135,0
12852,232,1,311,0
12853,72,6,1957,1
12854,16,3,1324,1
12855,310,1,38,0
12856,1,1,393,0
12857,148,2,1106,1
12864,76,1,147,0
12867,34,6,3025,0
12868,123,6,1607,1
12871,22,2,380,1
12872,264,2,600,1
12873,220,1,374,1
12875,81,2,343,1
12877,16,10,1160,0
12878,174,2,855,1
12879,19,2,507,0
12881,213,1,298,0
12883,27,1,291,0
12884,26,1,309,0
12885,1,3,1175,1
12886,5,2,1378,1
12888,152,2,354,1
12891,123,3,331,0
12895,24,1,267,0
12897,142,2,216,0
12901,19,20,13159,0
12902,202,1,138,0
12904,110,1,244,0
12906,16,2,1936,0
12908,114,2,750,1
12909,25,4,1857,0
12910,2,6,2616,0
12913,220,3,866,0
12915,86,2,363,1
12916,76,4,3006,1
12917,66,1,594,1
12919,54,3,441,0
12921,22,27,11396,0
12922,99,1,405,1
12923,2,1,177,0
12924,26,4,933,1
12925,12,1,368,0
12928,85,3,1136,0
12929,249,1,117,0
12930,16,2,415,1
12931,5,12,34440,0
12933,109,2,357,0
12935,47,4,1535,0
12936,16,1,798,0
12937,9,3,826,0
12939,2,8,11581,1
12940,25,1,361,0
12942,69,3,683,1
12944,292,1,287,0
12945,226,1,463,1
12947,81,6,1604,1
12948,43,4,1424,0
12949,52,7,3449,0
12951,111,5,751,0
12952,16,1,731,0
12955,30,6,1843,0
12956,244,1,108,0
12957,9,6,2640,0
12962,51,1,170,0
12963,22,2,619,0
12965,27,1,771,1
12967,296,2,1660,1
12968,50,1,136,0
12970,260,2,23,0
12971,3,69,8988,0
12974,135,1,144,0
12976,149,1,738,1
12977,94,1,39,0
12980,95,9,7374,1
12981,71,1,187,0
12982,180,1,390,1
12987,11,2,558,1
12988,230,1,535,1
12989,4,11,5957,0
12990,123,2,263,0
12991,50,1,303,0
12993,58,3,372,0
12994,58,2,645,0
12995,23,1,211,0
12997,26,3,916,0
12999,134,3,455,1
13000,44,3,534,1
13001,96,11,8615,0
13002,256,1,121,0
13003,43,3,149,0
13004,1,15,4609,0
13005,111,2,513,1
13008,261,1,229,0
13011,310,1,50,0
13012,16,5,1205,0
13013,2,10,3902,0
13014,12,6,2421,0
13015,135,4,1763,0
13016,11,3,789,1
13018,2,22,6090,0
13021,8,6,1619,0
13023,2,2,689,1
13026,30,3,604,0
13027,51,6,6912,1
13029,76,2,773,0
13030,306,1,427,0
13032,25,1,496,0
13033,295,1,190,0
13034,307,1,165,0
13035,11,2,921,1
13037,76,3,881,1
13038,18,3,908,1
13043,211,1,516,1
13044,229,1,560,1
13045,37,1,305,0
13046,204,1,197,0
13047,65,8,2682,0
13048,51,3,1375,0
13049,2,2,656,1
13050,44,13,4509,0
13052,150,1,348,1
13055,16,3,1214,1
13058,89,1,47,0
13059,187,1,183,0
13060,191,1,307,0
13061,10,1,248,0
13062,129,1,347,1
13064,26,3,842,0
13065,311,1,205,0
13067,20,1,115,0
13068,257,1,165,0
13069,37,20,3874,0
13070,130,1,228,0
13072,204,1,177,0
13075,67,1,919,1
13077,228,3,577,0
13078,2,19,9172,0
13079,13,3,172,0
13080,117,1,58,0
13081,81,8,18870,0
13082,64,9,3613,1
13083,13,1,192,0
13085,95,2,416,1
13089,2,81,46757,0
13090,2,10,5814,0
13092,8,5,477,1
13093,213,8,7832,1
13094,18,11,1774,0
13095,8,1,74,0
13097,15,9,5479,0
13098,25,19,17349,0
13099,37,1,207,0
13101,172,1,101,0
13102,19,20,5292,0
13104,23,4,579,0
13106,71,1,76,0
13107,23,3,1407,0
13108,310,1,350,1
13109,95,1,369,0
13110,75,5,1042,0
13113,51,20,10787,0
13115,122,1,878,0
13116,76,1,501,1
13117,59,7,841,0
13118,146,3,799,0
13120,176,1,30,0
13121,207,1,283,0
13122,32,2,922,1
13124,27,3,3866,1
13126,10,6,1386,0
13127,15,1,259,0
13130,32,1,64,0
13131,9,2,772,0
13132,199,1,77,0
13133,211,2,109,0
13134,23,4,1793,1
13135,134,1,3096,1
13136,25,4,2148,0
13137,30,5,1931,0
13138,18,4,687,0
13139,10,4,3584,0
13140,46,3,423,1
13141,22,5,2388,1
13144,270,1,111,0
13145,29,3,499,0
13147,37,1,118,0
13148,71,10,2789,0
13149,44,3,1132,0
13151,233,1,1257,1
13155,17,3,882,0
13157,79,3,873,0
13158,32,4,1201,1
13159,44,2,851,0
13161,251,1,112,0
13162,60,4,1688,1
13165,289,1,354,0
13166,221,1,417,1
13167,5,3,659,0
13168,137,3,972,0
13169,1,2,712,1
13171,237,1,140,0
13173,305,1,165,0
13174,254,2,2108,0
13177,2,1,282,0
13178,11,9,5156,0
13183,24,7,3085,0
13184,68,9,1504,0
13185,205,1,71,0
13186,31,2,1301,0
13187,275,1,236,0
13189,53,1,127,0
13192,33,2,911,1
13194,73,1,60,0
13196,22,2,1587,0
13198,58,5,3009,0
13199,2,24,5270,0
13200,12,2,627,0
13203,58,2,309,0
13207,88,1,197,0
13208,93,4,835,0
13209,66,5,4156,0
13210,31,1,353,1
13211,33,2,886,0
13213,66,4,963,0
13216,205,1,333,0
13217,60,3,534,1
13218,65,1,62,0
13220,16,4,819,1
13221,178,2,847,1
13223,138,2,163,0
13224,89,1,1212,0
13225,81,5,4299,0
13226,211,1,108,0
13227,139,1,257,0
13228,19,1,358,1
13229,163,1,161,0
13230,76,12,2234,0
13232,36,5,1048,0
13233,12,2,605,1
13235,150,1,1031,1
13236,44,1,439,0
13238,101,2,318,0
13239,199,1,329,0
13240,34,4,663,1
13242,50,3,270,0
13243,141,1,600,1
13244,30,1,121,0
13246,114,5,1861,0
13247,20,1,305,0
13248,62,2,465,1
13249,30,3,711,1
13253,94,2,1030,1
13255,311,1,225,0
13258,143,1,224,0
13261,206,2,944,1
13262,201,1,200,0
13263,4,26,5774,0
13265,26,4,1802,0
13266,13,9,2841,0
13267,30,15,3119,0
13268,22,7,2468,0
13269,4,11,3917,0
13270,304,1,590,1
13272,27,1,141,0
13273,51,1,139,0
13276,1,2,590,1
13277,54,2,125,0
13279,16,1,137,0
13280,60,3,814,1
13282,100,2,773,0
13283,123,1,25,0
13284,268,1,201,0
13285,99,3,1970,0
13291,93,1,361,1
13292,222,1,249,0
13294,127,2,873,1
13295,297,1,201,0
13296,75,1,87,0
13297,5,1,1315,0
13299,206,1,142,0
13300,107,1,371,1
13301,41,4,618,1
13302,93,1,63,0
13304,289,1,300,0
13305,30,8,1471,0
13307,58,1,15,0
13308,141,1,815,0
13309,26,3,928,0
13310,144,2,817,0
13311,88,1,490,0
13313,79,3,918,0
13314,1,2,589,0
13316,17,3,4463,0
13317,4,6,2273,1
13319,4,21,8248,0
13320,16,4,1548,1
13321,10,2,567,1
13323,22,1,120,0
13324,27,9,6437,0
13325,19,1,675,1
13327,50,7,2738,0
13328,254,1,1308,1
13329,304,1,304,0
13330,30,3,1140,1
13334,20,3,3536,1
13336,15,1,795,1
13338,95,1,487,1
13339,138,1,860,1
13340,43,5,9229,0
13341,198,1,775,1
13343,115,1,353,1
13344,5,3,2543,1
13345,225,1,389,1
13347,8,1,341,1
13348,2,1,233,0
13350,17,1,646,0
13351,4,1,373,1
13354,9,1,743,1
13355,60,1,674,1
13356,18,1,768,1
13357,195,1,610,1
13358,206,1,439,1
13359,1,1,439,1
13362,183,2,1581,0
13364,9,1,135,0
13365,155,1,700,0
13368,194,2,623,1
13369,303,1,308,0
13370,309,1,754,1
13372,27,1,378,1
13373,96,2,2055,0
13375,26,1,778,1
13376,37,3,1019,1
13379,6,2,435,0
13381,27,5,2982,0
13382,218,1,223,0
13384,11,5,3131,0
13385,267,1,534,1
13388,69,2,677,1
13389,12,2,580,0
13390,12,1,544,1
13391,141,1,59,0
13394,16,6,1846,0
13395,123,1,307,0
13396,257,1,387,0
13397,10,5,1544,1
13398,130,1,457,1
13402,65,2,621,1
13404,150,1,217,0
13405,12,3,572,1
13408,4,48,21376,0
13410,12,4,728,0
13411,45,1,213,0
13414,71,3,1390,1
13416,19,1,275,0
13417,143,1,236,0
13418,22,16,5068,0
13419,1,1,221,0
13420,87,2,159,0
13421,228,1,825,0
13422,2,1,2626,1
13425,46,3,1624,1
13426,2,7,2708,0
13427,58,2,464,0
13429,13,1,330,0
13430,24,1,336,0
13431,5,2,1269,1
13434,12,2,534,1
13435,13,4,1973,0
13437,37,4,2173,0
13439,193,1,283,0
13441,29,1,296,0
13448,18,5,2489,0
13450,27,5,1727,0
13451,64,4,2463,0
13452,197,2,590,1
13453,103,2,357,1
13455,304,1,692,0
13456,1,4,1309,0
13458,3,11,8176,0
13461,76,2,884,0
13462,190,1,151,0
13466,122,1,307,0
13468,3,31,4977,0
13470,37,2,165,0
13473,270,1,241,0
13474,174,1,229,0
13475,129,4,1431,1
13476,116,2,1238,1
13477,76,4,899,0
13479,138,2,301,0
13481,46,4,1361,0
13482,170,1,184,0
13483,3,1,140,0
13484,179,1,313,0
13485,171,1,454,1
13486,16,3,1122,1
13487,151,2,408,0
13488,10,11,7367,0
13489,43,4,449,1
13491,85,9,1088,0
13494,249,1,316,0
13495,170,3,1072,0
13496,297,1,501,0
13497,220,2,348,1
13499,11,3,613,0
13500,60,1,326,0
13502,212,2,189,0
13503,9,1,216,0
13504,2,1,295,0
13506,254,2,458,1
13507,36,3,2022,0
13508,181,1,111,0
13509,37,5,705,0
13510,33,2,897,0
13512,198,1,251,0
13513,64,1,205,0
13514,11,1,152,0
13515,10,4,891,1
13516,10,2,620,0
13517,44,2,1612,0
13518,23,1,659,1
13519,16,1,122,0
13523,137,3,2369,0
13524,19,4,483,0
13525,186,1,282,0
13527,27,6,1861,0
13529,16,2,307,0
13531,143,2,483,1
13533,120,3,270,0
13534,45,21,4371,0
13536,13,1,455,0
13538,32,6,990,0
13539,23,3,631,1
13544,178,1,122,0
13546,138,1,188,0
13548,34,2,682,1
13549,2,6,832,0
13551,257,1,91,0
13552,4,12,3740,1
13555,11,4,4149,1
13557,218,1,240,0
13558,6,1,202,0
13561,153,1,141,0
13562,19,3,1799,1
13563,22,2,777,1
13564,82,3,1749,1
13565,272,1,110,0
13566,20,1,585,0
13568,111,1,192,0
13569,305,1,118,0
13570,181,1,239,0
13571,6,8,1289,0
13572,143,1,1384,1
13573,191,1,31,0
13575,8,3,477,0
13576,9,14,5343,0
13577,30,3,1193,0
13579,307,1,164,0
13581,247,1,118,0
13583,93,1,781,1
13584,244,1,142,0
13587,1,1,712,1
13588,24,5,1605,0
13589,117,1,147,0
13590,88,4,1116,0
13591,2,3,1117,1
13592,143,3,205,0
13593,46,5,2037,1
13599,22,10,2833,0
13600,250,1,219,0
13601,149,1,373,0
13602,2,1,428,1
13606,181,2,250,0
13610,48,5,776,0
13611,27,3,1171,1
13614,27,3,1097,0
13615,256,1,417,1
13617,51,2,365,0
13618,111,1,177,0
13621,54,1,213,0
13623,148,4,551,0
13626,190,1,257,0
13627,17,4,1334,0
13629,1,9,6255,0
13630,13,6,1799,0
13631,37,11,3070,1
13632,111,3,814,0
13634,24,4,1372,0
13635,5,1,1071,1
13636,60,4,646,0
13637,125,2,684,0
13639,12,1,1033,1
13642,153,1,354,1
13643,36,2,259,0
13644,11,2,1398,0
13645,58,1,252,0
13647,9,3,1275,0
13649,194,2,346,1
13650,4,5,1538,0
13652,194,2,638,0
13654,83,4,1714,0
13655,52,2,933,1
13656,102,2,379,1
13657,139,1,152,0
13658,23,3,2096,0
13659,143,2,1573,1
13662,23,3,897,1
13663,117,1,189,0
13666,225,2,64,0
13667,87,1,305,0
13668,51,16,4934,0
13669,87,1,48,0
13670,13,1,349,1
13672,239,2,186,0
13675,89,2,486,1
13678,89,1,232,0
13680,275,2,2391,0
13681,6,2,531,0
13682,125,1,59,0
13684,223,1,67,0
13686,120,1,72,0
13689,1,1,910,1
13692,151,2,871,0
13694,9,42,51527,0
13695,1,14,2207,0
13699,93,1,308,0
13700,30,8,1651,0
13703,256,1,99,0
13704,11,5,1289,0
13705,82,2,522,0
13706,240,1,330,0
13707,205,2,806,1
13708,209,1,296,0
13709,3,7,3618,0
13711,156,2,252,0
13712,184,1,228,0
13715,219,5,1079,1
13716,207,1,138,0
13717,66,4,956,0
13718,184,2,306,0
13719,143,2,338,0
13720,54,4,799,1
13722,69,3,2375,1
13723,155,1,199,0
13725,107,7,1865,0
13726,38,1,292,0
13728,45,5,797,0
13730,73,2,752,1
13731,157,2,610,1
13735,113,2,1409,0
13736,198,1,357,0
13737,138,1,339,1
13740,178,1,350,1
13741,9,3,668,1
13742,27,11,2791,0
13743,26,6,1065,0
13744,33,2,1156,1
13745,100,1,300,0
13747,311,1,79,0
13748,33,5,948,1
13750,78,4,1316,0
13751,226,1,296,0
13752,62,6,1186,1
13753,225,1,741,1
13754,89,2,282,0
13755,1,1,495,0
13756,31,8,2972,0
13758,139,5,2351,0
13759,9,1,560,0
13760,194,1,135,0
13761,117,1,491,0
13762,156,1,306,0
13763,1,1,1715,1
13764,8,3,1521,1
13767,18,33,13303,0
13769,30,8,2176,0
13771,2,4,2634,1
13772,34,2,686,0
13774,19,1,345,1
13777,15,27,13021,0
13778,41,1,178,0
13780,108,1,116,0
13781,188,1,127,0
13782,6,4,630,0
13784,32,9,2124,0
13786,305,1,230,0
13787,13,2,309,0
13791,65,2,1516,1
13792,4,2,195,0
13798,1,47,32260,0
13799,54,2,688,1
13800,247,1,558,1
13801,4,1,324,0
13802,76,3,4599,1
13803,193,1,277,0
13804,16,5,2283,0
13805,67,1,500,0
13806,1,1,256,0
13807,305,1,112,0
13808,3,3,1362,0
13819,239,3,1140,1
13821,82,2,385,1
13823,29,1,650,0
13824,73,4,1429,0
13826,114,1,189,0
13827,71,2,300,0
13831,25,5,1795,0
13833,97,1,384,1
13835,93,2,537,0
13837,149,2,271,0
13838,55,3,479,0
13841,190,1,85,0
13842,10,8,2803,0
13845,2,1,313,0
13846,180,2,663,0
13848,30,3,1255,1
13849,108,1,593,0
13850,67,1,1595,1
13851,33,3,2651,1
13854,3,22,7088,0
13856,106,3,388,1
13859,264,1,201,0
13860,24,1,405,0
13862,10,7,2089,0
13863,185,1,305,0
13865,74,3,383,0
13866,12,1,145,0
13867,12,2,592,0
13869,61,4,3105,1
13870,39,5,2179,0
13871,30,9,4612,0
13873,57,3,389,1
13874,296,1,540,1
13875,71,4,1424,0
13876,1,1,122,0
13877,24,1,117,0
13880,25,11,2501,0
13881,4,13,11621,0
13882,2,1,192,0
13883,156,4,1742,0
13884,27,4,540,0
13885,127,2,506,1
13886,9,1,243,0
13887,142,1,349,1
13888,57,2,605,1
13889,30,1,416,1
13890,45,2,501,0
13892,2,2,395,0
13893,235,1,821,1
13894,248,1,160,0
13895,4,3,1911,0
13898,263,1,155,0
13899,212,1,298,0
13900,121,3,741,1
13901,10,5,2867,1
13904,232,1,201,0
13908,17,4,2369,1
13911,82,8,2437,0
13917,129,1,65,0
13918,191,1,198,0
13922,289,1,172,0
13924,10,1,679,0
13925,30,4,678,1
13927,12,1,349,1
13928,44,2,225,0
13929,107,2,842,1
13930,74,1,210,0
13931,33,2,1237,1
13932,232,1,307,0
13933,47,2,608,1
13934,201,1,922,1
13936,117,1,376,1
13937,107,1,158,0
13939,46,2,390,0
13940,2,3,616,0
13941,27,4,3859,0
13946,17,3,561,1
13947,3,1,90,0
13948,298,1,102,0
13949,3,3,1212,0
13950,11,2,323,0
13951,114,3,674,1
13952,155,2,3251,1
13953,53,5,2604,0
13954,8,1,227,0
13955,92,2,323,0
13956,76,3,680,0
13959,17,3,598,1
13960,9,1,128,0
13962,183,1,117,0
13963,246,4,664,1
13967,83,1,80,0
13969,45,11,3911,0
13971,44,6,1985,0
13972,8,2,190,0
13973,225,1,264,0
13975,66,4,1497,0
13976,144,1,358,1
13979,11,1,869,1
13982,101,3,1230,0
13983,26,9,2063,0
13984,64,4,819,0
13985,9,8,3791,0
13988,10,4,3185,0
13989,3,2,1266,1
13990,151,1,311,0
13991,13,2,340,0
13993,2,8,3092,0
13994,5,4,1588,0
13995,53,3,871,0
13999,2,10,3177,0
14000,149,1,635,1
14001,170,2,1309,0
14002,72,2,529,1
14004,16,6,3769,0
14005,13,4,977,0
14006,53,3,962,1
14009,136,2,695,1
14012,215,1,328,0
14013,48,3,473,1
14014,15,1,505,1
14019,36,2,800,0
14020,26,1,331,0
14021,93,3,631,1
14022,163,1,440,1
14023,188,1,273,0
14024,59,2,327,0
14029,1,2,467,1
14030,27,7,1816,0
14031,5,16,14051,0
14032,25,7,2147,0
14034,95,2,473,0
14035,45,3,837,0
14036,222,1,626,1
14037,114,2,147,0
14038,16,3,1560,1
14040,32,10,2748,0
14041,204,1,141,0
14044,41,3,542,0
14045,47,4,1659,1
14046,222,1,155,0
14047,11,4,957,0
14048,243,1,409,1
14049,96,3,3285,0
14050,44,1,486,0
14051,6,17,10245,0
14053,62,2,260,0
14054,3,1,92,0
14055,44,1,725,1
14056,4,19,6169,0
14057,4,16,5578,0
14059,204,1,183,0
14060,17,16,5135,0
14062,9,11,9225,0
14064,51,4,1097,0
14066,204,1,152,0
14067,1,2,374,1
14068,258,1,265,0
14071,198,2,356,0
14075,199,1,307,0
14076,67,1,122,0
14077,16,4,366,0
14078,39,6,1049,1
14079,62,1,375,1
14081,240,2,934,1
14082,302,1,182,0
14083,64,7,548,0
14085,79,12,3248,0
14088,66,7,25507,0
14090,262,1,76,0
14092,5,11,3096,0
14096,5,7,12187,0
14099,3,9,2673,0
14100,75,1,194,0
14101,11,6,5976,1
14104,92,2,216,0
14105,177,1,1266,1
14107,34,6,2461,0
14108,39,1,291,0
14109,10,1,144,0
14110,4,8,4470,0
14111,33,3,295,0
14112,68,4,1900,0
14113,16,2,926,0
14114,211,2,386,1
14116,2,3,956,0
14117,81,1,90,0
14124,22,1,419,1
14125,16,1,1295,0
14127,60,3,709,1
14128,193,1,305,0
14129,33,3,726,0
14130,257,1,483,1
14132,25,6,1900,0
14133,67,3,605,1
14135,13,11,3514,0
14138,1,1,638,0
14141,11,2,489,0
14142,311,1,311,0
14143,71,1,115,0
14145,94,3,2851,0
14146,19,4,2965,0
14147,16,2,483,1
14148,171,1,157,0
14149,158,1,446,1
14150,297,1,306,0
14152,13,2,621,1
14154,177,2,1345,1
14155,204,1,118,0
14157,223,1,277,0
14159,19,8,3147,0
14161,153,3,1110,1
14162,111,2,289,0
14163,25,4,2445,1
14164,8,2,1631,1
14165,213,1,122,0
14167,103,3,402,0
14171,36,1,363,1
14173,157,1,114,0
14175,109,2,1206,0
14176,235,4,576,1
14177,24,4,559,1
14178,4,4,692,0
14180,29,22,4258,0
14184,4,1,452,1
14185,269,1,197,0
14188,9,5,1718,0
14189,34,11,3267,0
14191,18,8,2525,0
14193,5,2,853,1
14194,13,14,6976,0
14195,139,2,1012,1
14196,44,1,335,1
14198,24,3,528,0
14199,156,1,185,0
14201,18,6,627,0
14205,202,1,222,0
14206,177,1,328,0
14208,32,1,151,0
14209,59,5,1876,0
14210,43,6,1905,1
14211,18,7,1339,0
14212,27,1,1070,1
14214,94,3,899,0
14215,15,5,1343,0
14217,12,12,1469,0
14220,185,2,632,1
14221,18,8,3088,0
14222,115,1,683,1
14223,30,3,991,1
14224,48,4,1050,1
14226,8,3,1895,0
14227,23,9,3031,0
14229,229,2,762,0
14231,121,3,925,1
14232,53,4,1573,0
14233,149,3,959,0
14235,13,5,3144,1
14236,18,2,490,1
14237,311,1,161,0
14238,264,1,146,0
14239,9,10,2219,0
14240,163,1,226,0
14241,121,1,213,0
14242,172,2,280,0
14243,33,8,2306,0
14245,157,2,1693,1
14246,48,3,1474,1
14247,216,1,136,0
14248,256,1,302,0
14250,27,1,1228,0
14256,198,2,969,1
14257,2,5,3099,1
14258,27,8,11298,0
14259,79,1,120,0
14261,16,1,943,0
14262,22,4,1379,0
14264,92,2,334,0
14267,100,3,1516,1
14270,269,1,492,1
14271,163,1,112,0
14272,11,2,438,1
14273,74,3,450,0
14276,36,3,1119,1
14280,134,1,134,0
14282,19,10,2796,0
14284,24,1,252,0
14285,13,2,1253,0
14286,180,1,2050,0
14287,136,2,83,0
14288,151,1,426,1
14289,72,5,832,0
14290,5,3,1799,0
14291,4,8,2966,0
14292,26,5,3144,0
14293,85,3,739,0
14297,212,1,232,0
14298,10,41,44237,0
14299,16,6,2843,0
14301,55,1,640,1
14304,160,1,383,1
14305,9,3,1859,1
14306,23,1,1702,0
14307,26,6,2995,1
14309,31,7,1633,0
14311,180,1,310,0
14312,29,5,1047,0
14314,44,1,120,0
14315,67,5,1550,0
14317,2,1,508,1
14320,144,2,477,1
14321,11,4,1230,0
14323,52,2,605,1
14326,180,1,183,0
14327,101,1,311,0
14329,46,4,3485,0
14331,62,2,462,1
14332,4,2,585,0
14333,5,1,415,1
14334,31,7,2328,0
14336,136,3,1114,0
14338,99,2,588,1
14339,180,1,309,0
14340,156,1,134,0
14341,68,6,1139,0
14342,75,2,419,0
14344,65,8,889,1
14346,58,2,1021,1
14348,198,1,409,1
14350,212,1,282,0
14351,102,1,51,0
14352,95,4,1079,1
14353,153,1,90,0
14355,303,1,174,0
14356,17,2,701,1
14359,25,1,483,0
14360,5,3,1917,0
14364,46,8,3717,1
14367,13,12,6949,0
14368,257,1,155,0
14371,233,1,100,0
14373,296,1,76,0
14375,123,1,257,0
14377,129,2,617,1
14379,233,1,111,0
14383,2,2,917,0
14386,234,1,142,0
14387,12,2,929,0
14388,29,6,2277,0
14389,3,2,1043,1
14390,82,4,1592,0
14393,156,1,68,0
14395,16,7,2638,0
14396,3,2,488,1
14397,17,11,1089,0
14400,87,1,574,1
14401,18,11,3384,0
14403,68,4,1475,1
14404,46,5,1347,0
14406,57,1,156,0
14407,45,6,2157,1
14408,32,6,2298,0
14409,9,6,2059,1
14410,30,9,1105,1
14411,248,1,1063,1
14412,10,1,462,0
14413,300,1,122,0
14414,29,7,1497,1
14415,36,9,3801,0
14418,46,1,150,0
14419,11,3,541,0
14420,37,1,387,1
14421,149,1,455,0
14422,8,3,2318,0
14423,156,1,265,0
14426,78,6,2885,0
14427,1,1,321,0
14428,17,3,534,0
14431,240,1,470,1
14432,6,2,561,0
14434,3,2,410,0
14436,36,1,89,0
14437,303,1,63,0
14438,244,1,131,0
14440,10,3,1558,0
14441,32,2,697,0
14443,76,3,991,0
14446,18,2,685,0
14447,134,2,601,0
14448,302,1,102,0
14449,2,3,714,0
14450,118,3,483,1
14451,132,1,360,0
14452,31,1,127,0
14453,128,1,119,0
14456,11,5,1839,0
14457,248,1,113,0
14459,93,1,1837,1
14460,48,3,434,1
14461,86,3,2103,1
14462,4,11,2004,1
14463,36,3,529,1
14465,184,3,1058,1
14466,11,6,1785,0
14467,250,1,131,0
14470,225,1,297,0
14472,41,8,1936,1
14473,12,2,234,0
14475,9,3,925,1
14476,195,1,215,0
14477,122,2,523,0
14479,191,2,316,0
14481,102,2,636,1
14482,37,2,466,0
14483,219,1,137,0
14487,20,4,847,0
14488,5,1,1064,1
14489,145,1,463,1
14491,113,2,340,1
14493,93,1,611,0
14495,59,1,40,0
14496,249,2,538,1
14497,247,1,475,1
14498,54,4,1281,0
14499,71,2,371,0
14500,26,3,356,1
14501,121,2,251,0
14502,6,8,1644,0
14503,8,2,1284,0
14504,181,3,542,0
14505,47,6,4255,0
14506,4,4,1515,0
14507,39,4,924,0
14508,27,1,137,0
14511,3,3,648,0
14512,125,2,275,0
14513,38,3,455,1
14514,139,2,403,0
14515,4,3,1349,0
14517,79,1,252,0
14518,2,1,174,0
14520,228,1,165,0
14522,9,3,831,0
14523,46,1,241,0
14524,9,8,1755,0
14525,38,7,2926,0
14527,2,44,6003,0
14529,15,2,358,0
14530,31,5,2546,0
14532,174,4,932,1
14533,2,5,1773,0
14534,3,15,3781,0
14535,65,2,1653,0
14536,197,1,171,0
14538,2,2,388,1
14540,13,2,681,0
14541,106,7,1315,0
14542,123,1,103,0
14543,11,14,3301,0
14544,299,1,1121,0
14546,15,3,1602,0
14548,88,2,652,1
14549,249,1,289,0
14551,142,1,125,0
14552,89,1,165,0
14553,156,2,312,0
14555,240,1,197,0
14557,23,1,788,1
14560,1,16,1829,0
14561,13,3,1080,1
14562,16,10,3029,0
14565,33,4,3099,1
14567,68,1,800,0
14570,218,2,218,0
14572,48,5,2089,0
14573,117,9,1653,1
14576,310,1,35,0
14577,101,3,646,0
14583,82,4,787,0
14584,107,4,1042,1
14586,214,1,237,0
14587,122,8,1473,0
14589,309,1,39,0
14591,151,1,250,0
14592,2,1,264,0
14593,136,2,339,0
14594,311,1,255,0
14595,23,2,300,0
14597,129,1,165,0
14600,243,1,393,1
14603,212,1,660,1
14606,4,77,10107,0
14607,199,1,495,0
14608,23,2,791,0
14609,10,4,601,1
14616,180,3,406,1
14618,275,1,211,0
14619,183,1,394,1
14620,143,2,412,1
14621,94,3,1002,0
14622,122,1,320,0
14623,54,3,608,0
14625,134,2,899,1
14626,2,3,2182,0
14628,29,2,672,1
14631,173,2,630,0
14632,200,1,114,0
14633,204,1,344,1
14636,206,1,300,0
14639,58,4,1989,0
14640,65,4,1501,0
14643,108,2,693,1
14644,5,2,830,1
14645,94,2,597,1
14647,139,1,243,0
14649,10,3,903,0
14651,5,2,654,1
14652,15,1,114,0
14653,5,2,694,0
14655,8,2,1211,0
14656,107,2,291,0
14657,93,3,638,0
14658,55,1,123,0
14659,16,7,2068,0
14660,24,2,285,0
14662,172,3,524,0
14665,27,4,1276,0
14667,12,19,7140,0
14669,179,3,1270,1
14670,218,2,411,1
14672,172,2,765,1
14673,305,1,373,0
14676,16,5,2171,0
14680,9,15,27586,0
14681,9,3,499,1
14682,125,2,52,0
14684,19,3,648,0
14687,44,1,628,1
14688,8,17,4442,0
14689,146,1,112,0
14690,89,1,216,0
14691,9,4,1769,0
14692,75,4,591,1
14693,202,1,172,0
14696,9,6,1778,0
14697,156,2,188,0
14699,152,1,109,0
14700,127,2,1557,0
14701,110,7,1958,0
14702,2,11,2034,0
14704,19,3,386,0
14705,136,1,179,0
14708,92,2,701,0
14709,9,10,4264,0
14711,29,9,2365,0
14712,13,2,421,0
14713,37,9,2029,0
14715,32,3,594,0
14716,86,1,188,0
14719,117,2,488,0
14720,27,2,401,0
14722,85,1,187,0
14723,296,3,471,0
14727,212,1,268,0
14729,311,1,313,0
14730,3,7,1760,0
14731,143,2,251,0
14732,26,6,1927,0
14733,48,11,9044,0
14735,19,26,4347,0
14737,66,2,1081,0
14738,2,6,1084,0
14739,3,5,2857,0
14740,135,3,1448,1
14741,51,4,865,0
14744,235,5,928,0
14745,50,5,1220,1
14747,187,1,328,0
14748,61,4,1118,0
14753,25,1,563,1
14754,233,1,228,0
14755,11,8,3172,0
14757,13,1,420,1
14758,82,4,1484,1
14759,50,2,870,0
14760,235,1,89,0
14761,272,1,97,0
14762,201,1,300,0
14765,50,2,95,0
14766,18,5,2050,0
14768,65,1,133,0
14769,20,7,10332,0
14770,170,2,876,1
14772,50,1,139,0
14775,75,2,701,0
14776,43,8,1862,0
14778,65,2,730,1
14779,218,3,386,1
14780,17,1,332,0
14782,257,1,200,0
14784,261,1,114,0
14790,57,2,364,0
14792,1,1,6,0
14794,141,4,679,0
14795,104,1,131,0
14796,32,14,6593,0
14798,82,2,97,0
14800,13,10,3947,0
14803,100,3,845,1
14805,251,1,109,0
14806,13,1,193,0
14808,12,7,2207,0
14810,41,10,1869,0
14813,307,2,155,0
14815,5,1,551,0
14816,135,1,271,0
14817,138,2,1110,1
14818,11,3,657,1
14819,2,2,272,0
14820,13,2,242,0
14821,304,1,48,0
14823,118,3,321,0
14824,11,2,755,0
14825,1,9,1650,0
14828,134,3,2139,1
14829,122,3,531,0
14834,9,3,851,0
14837,27,4,1649,1
14840,205,1,62,0
14841,117,4,2375,0
14842,33,3,1901,0
14844,1,4,3189,1
14847,86,1,309,0
14849,2,19,6569,0
14850,249,1,325,0
14851,194,1,206,0
14852,34,5,2188,0
14853,149,1,214,0
14854,16,7,2759,1
14855,57,2,645,1
14857,86,1,522,0
14859,18,2,927,0
14862,86,1,304,0
14865,310,1,37,0
14866,18,5,6803,0
14867,123,3,710,1
14868,9,5,1634,0
14869,41,1,391,0
14870,199,1,327,0
14871,116,3,354,0
14873,148,1,519,1
14875,45,2,1465,1
14878,20,7,1193,0
14880,15,3,706,1
14883,11,4,572,0
14885,69,1,765,1
14886,190,1,364,1
14887,17,1,1862,1
14888,145,1,369,1
14889,274,1,135,0
14890,191,1,125,0
14891,86,2,554,1
14894,23,1,655,1
14895,29,13,7974,0
14896,142,2,468,1
14897,26,2,345,0
14898,72,5,1011,0
14901,11,7,1093,0
14903,62,4,2411,0
14905,95,2,616,1
14907,37,5,2608,0
14908,12,1,277,0
14913,121,3,917,0
14915,29,2,307,0
14916,8,4,1269,1
14918,53,2,1610,1
14920,150,2,977,1
14921,139,1,903,0
14924,183,1,310,0
14944,15,9,4922,0
14947,10,2,290,0
14948,9,5,834,0
14951,17,1,311,0
14952,9,9,6724,0
14957,191,1,58,0
14958,85,3,499,1
14959,2,4,695,1
14960,109,1,88,0
14961,19,8,5899,0
14962,208,1,126,0
14963,121,1,294,0
14964,185,1,206,0
14965,34,2,599,1
14970,6,4,1592,1
14972,66,1,114,0
14973,45,3,1314,1
14976,39,4,560,0
14978,10,5,1931,1
14981,184,1,102,0
14984,118,1,110,0
14985,136,2,296,0
14987,303,1,163,0
14988,149,1,334,0
14995,218,1,119,0
14997,26,2,433,0
14998,108,2,429,1
15002,53,4,1641,1
15004,85,1,1246,1
15005,1,23,5109,0
15007,97,1,156,0
15012,311,1,191,0
15014,114,1,117,0
15016,110,1,170,0
15018,190,2,291,0
15019,204,1,266,0
15021,24,6,1428,0
15023,54,8,5110,0
15024,51,5,845,0
15026,18,3,469,1
15027,106,3,967,0
15028,306,1,186,0
15030,9,2,518,1
15031,48,2,261,0
15032,194,3,4959,1
15033,47,6,1629,0
15034,8,6,3298,0
15035,27,1,252,0
15036,10,3,465,1
15038,6,5,690,0
15039,3,41,18974,0
15041,108,1,180,0
15042,137,1,135,0
15044,4,15,5994,0
15045,89,2,735,1
15046,4,12,4228,0
15047,207,1,343,1
15048,3,4,384,1
15049,211,1,121,0
15050,9,2,1323,0
15051,88,1,377,0
15052,257,1,215,0
15053,94,2,478,0
15057,213,2,1489,1
15058,19,8,1443,0
15059,45,7,1008,0
15061,2,43,41200,0
15062,9,4,987,1
15063,151,1,370,1
15065,102,3,2858,0
15067,16,3,1744,1
15068,194,1,240,0
15069,117,1,1109,1
15070,310,1,106,0
15071,31,2,982,1
15073,123,2,862,0
15074,43,1,748,1
15075,15,1,773,1
15076,110,1,880,1
15078,12,24,7580,0
15079,150,4,895,1
15081,3,4,416,0
15083,194,1,88,0
15087,219,1,306,0
15088,5,1,864,0
15089,32,3,2036,0
15090,246,1,381,1
15091,5,1,480,1
15092,153,2,457,1
15093,54,5,4027,0
15095,41,4,1370,1
15098,120,3,39916,1
15099,22,1,410,1
15100,271,3,876,1
15101,297,1,102,0
15103,24,1,291,0
15104,134,2,1027,1
15105,5,4,1717,0
15106,3,4,1302,0
15107,249,6,319,0
15109,183,1,485,1
15110,64,2,376,0
15111,4,2,1237,0
15114,9,9,2252,0
15116,72,2,791,0
15117,58,2,675,0
15118,72,1,244,0
15119,183,1,266,0
15120,71,1,358,1
15121,226,1,295,0
15122,52,3,1633,1
15123,144,1,1069,0
15124,129,1,90,0
15125,51,12,10795,0
15127,3,1,406,1
15128,64,3,1170,0
15129,44,10,2796,0
15130,107,1,330,0
15132,43,3,842,0
15133,65,3,982,1
15134,10,5,897,0
15135,177,1,139,0
15136,34,1,582,0
15139,177,2,179,0
15140,17,6,2052,0
15143,163,1,259,0
15144,9,12,4005,0
15145,165,2,724,0
15146,102,2,1327,1
15147,178,1,623,1
15149,71,1,520,1
15150,11,7,4368,0
15152,22,7,2712,0
15154,13,1,296,0
15157,92,2,1505,0
15159,5,23,11410,0
15160,295,1,158,0
15163,130,1,155,0
15164,6,3,843,1
15165,311,1,487,1
15167,258,1,163,0
15171,269,1,1289,1
15172,8,4,1248,0
15174,260,1,135,0
15175,9,1,224,0
15178,198,1,40,0
15179,171,3,1455,0
15180,305,1,87,0
15181,4,3,689,1
15182,92,2,622,1
15184,128,1,235,0
15185,8,1,310,0
15186,106,1,229,0
15187,8,8,2381,0
15189,29,33,12635,0
15192,57,3,1044,1
15194,16,13,5488,0
15197,190,2,773,0
15198,30,2,193,0
15199,32,3,967,0
15201,25,5,1236,1
15203,17,5,1517,0
15204,295,1,316,0
15205,23,2,653,1
15206,37,3,236,0
15208,1,3,495,0
15210,163,1,331,0
15211,303,1,383,0
15212,179,1,101,0
15213,256,2,328,0
15214,1,4,1061,0
15215,34,1,300,0
15216,25,1,96,0
15218,12,9,4645,0
15219,114,1,305,0
15220,53,5,1284,0
15221,304,1,403,1
15222,256,1,585,1
15223,163,2,755,1
15224,296,2,322,0
15225,172,1,409,1
15226,248,1,154,0
15227,153,3,876,0
15228,4,4,3386,1
15230,177,2,429,1
15232,51,2,612,1
15234,214,1,197,0
15235,155,12,2247,1
15236,236,1,321,0
15237,16,3,1328,0
15238,33,2,772,0
15239,16,1,461,0
15240,22,4,1382,0
15241,4,8,1756,1
15243,12,1,316,0
15244,3,2,631,1
15245,72,3,2515,1
15246,176,2,514,1
15247,60,1,356,1
15249,3,12,6280,0
15251,29,8,9695,0
15252,121,1,300,0
15253,26,3,640,0
15254,65,1,300,0
15255,4,1,890,1
15256,86,1,98,0
15257,221,1,317,0
15258,106,2,623,1
15260,38,7,1810,1
15261,73,1,254,0
15262,261,1,179,0
15263,44,1,156,0
15264,2,1,393,1
15265,89,2,1506,1
15266,276,1,119,0
15267,93,2,1407,0
15270,55,5,1850,0
15271,32,10,1596,0
15272,24,1,299,0
15276,4,1,135,0
15279,292,1,290,0
15280,110,1,113,0
15281,74,8,2191,0
15287,8,1,341,0
15288,93,4,2006,0
15289,75,2,698,0
15290,17,13,4459,0
15291,32,12,3685,0
15292,139,1,180,0
15296,47,5,2599,0
15297,1,1,230,0
15298,30,7,3358,0
15299,5,7,4507,1
15300,2,1,496,1
15301,10,11,4466,0
15303,228,1,574,1
15304,23,7,582,0
15306,2,3,1174,1
15307,33,1,205,0
15308,212,1,310,0
15311,1,72,49372,0
15312,13,4,924,1
15313,48,1,52,0
15314,137,1,328,0
15315,2,2,570,1
15316,264,1,165,0
15319,221,1,204,0
15321,8,3,2748,1
15322,23,1,679,1
15325,41,1,162,0
15326,271,1,311,0
15329,72,2,754,0
15333,146,1,1028,1
15334,94,3,351,1
15339,4,2,574,1
15341,18,1,2020,1
15342,67,1,406,1
15343,25,1,364,1
15344,12,1,308,0
15346,270,1,252,0
15347,304,1,201,0
15348,10,1,158,0
15349,96,2,473,1
15350,311,1,115,0
15351,3,3,1017,0
15353,192,2,777,1
15356,9,9,2616,0
15358,12,18,6734,0
15361,299,1,418,1
15363,310,1,326,0
15364,33,2,913,1
15365,19,4,1945,0
15366,13,2,602,1
15367,183,2,1416,0
15370,9,5,2039,0
15372,75,1,2007,1
15373,53,9,1686,0
15374,66,1,168,0
15376,55,2,989,0
15379,107,7,3703,1
15380,24,3,1004,0
15381,151,2,596,1
15382,22,5,4709,0
15384,107,2,642,1
15386,124,1,394,1
15389,110,1,500,1
15392,26,2,665,0
15393,219,1,124,0
15394,16,3,1854,0
15395,263,1,107,0
15396,50,1,288,0
15397,227,1,94,0
15398,16,1,634,0
15399,17,1,305,0
15400,30,5,716,1
15402,86,2,626,1
15405,127,1,349,1
15406,239,1,252,0
15407,121,3,740,0
15408,202,1,267,0
15410,22,8,3450,1
15411,8,3,991,0
15412,109,1,190,0
15414,180,1,36,0
15415,251,1,572,1
15416,2,4,3984,1
15417,23,1,508,1
15421,153,3,739,0
15422,261,2,97,0
15424,192,2,383,1
15426,195,2,663,0
15429,13,1,243,0
15433,151,2,533,1
15434,45,3,587,0
15436,172,1,489,0
15437,200,1,200,0
15438,69,1,156,0
15440,74,2,237,0
15442,186,1,594,1
15443,11,3,1054,0
15445,202,1,113,0
15447,268,1,155,0
15448,250,1,494,1
15449,123,2,647,0
15452,9,2,413,0
15453,30,4,712,0
15454,300,1,179,0
15456,221,3,447,1
15457,200,1,237,0
15460,292,1,216,0
15462,32,3,234,0
15464,276,1,1048,1
15465,20,16,6419,0
15466,23,1,334,0
15467,83,2,402,0
15469,58,1,304,0
15472,51,1,371,1
15475,15,1,454,1
15482,103,4,2103,0
15483,99,4,233,0
15484,16,1,1636,0
15485,274,2,1278,0
15488,30,1,91,0
15489,149,1,348,0
15491,33,6,3100,1
15492,12,1,487,0
15493,87,3,1318,0
15494,59,1,1127,0
15497,257,1,970,0
15498,22,21,10183,0
15500,19,1,406,0
15502,5,10,9737,0
15503,300,1,147,0
15504,19,1,52,0
15505,22,4,2730,0
15506,76,1,209,0
15507,109,1,492,1
15508,127,6,1000,1
15510,268,1,250,0
15511,23,1,202,0
15512,93,2,121,0
15513,32,17,11352,0
15514,163,6,2561,0
15517,171,1,267,0
15518,2,8,1942,1
15521,32,7,2326,0
15522,25,1,259,0
15523,22,1,412,1
15525,311,1,313,0
15527,27,6,1608,0
15528,192,1,229,0
15529,4,10,3643,0
15530,87,3,1168,0
15532,69,3,1225,0
15533,20,2,554,0
15535,111,4,536,1
15537,101,1,110,0
15541,52,1,85,0
15543,226,1,127,0
15544,57,7,2772,0
15545,309,1,135,0
15547,6,12,4199,0
15549,15,3,1693,1
15550,44,3,433,0
15552,155,1,90,0
15554,215,1,217,0
15555,6,12,3434,0
15561,87,3,449,0
15562,289,1,134,0
15563,138,2,735,0
15565,8,1,88,0
15568,11,1,228,0
15569,41,5,1375,1
15570,79,9,2826,0
15571,16,1,202,0
15572,47,4,1555,0
15573,23,1,410,0
15574,115,4,702,1
15577,89,3,258,0
15578,100,1,127,0
15579,6,2,348,1
15581,58,13,3680,1
15582,38,2,541,0
15584,10,2,292,0
15585,114,1,455,1
15587,27,3,801,0
15589,193,3,478,1
15593,8,1,199,0
15594,19,3,1506,0
15596,38,5,1406,1
15599,142,1,448,0
15601,27,12,5817,0
15602,8,6,945,0
15603,16,1,48,0
15605,27,4,894,0
15606,57,8,2439,0
15607,274,1,104,0
15608,58,1,285,0
15609,122,1,298,0
15611,8,10,1095,0
15615,1,20,8192,0
15618,30,3,419,0
15620,158,2,875,0
15622,24,8,3327,0
15623,79,1,301,0
15624,54,4,588,1
15625,41,4,1534,1
15626,12,2,675,1
15628,3,6,2041,0
15630,142,1,396,0
15632,1,7,2979,0
15636,27,2,724,1
15639,72,1,425,1
15640,16,12,9443,0
15641,43,4,1887,1
15643,129,3,664,1
15644,104,4,813,1
15646,95,3,447,1
15648,142,2,657,1
15649,274,2,816,1
15651,198,1,227,0
15652,29,1,337,1
15653,30,2,877,1
15655,181,1,560,1
15656,116,3,563,0
15658,128,5,1024,1
15660,23,7,1256,0
15661,255,2,309,0
15663,44,1,138,0
15665,106,2,2242,1
15668,155,1,76,0
15669,41,3,565,0
15670,234,1,173,0
15671,32,5,1972,0
15673,26,4,2881,1
15674,11,5,2446,1
15675,19,3,323,0
15676,221,1,897,0
15679,92,2,260,0
15680,304,1,478,0
15681,121,3,703,0
15683,55,1,193,0
15687,3,6,2241,0
15689,57,2,254,0
15690,38,1,111,0
15691,190,1,136,0
15694,4,10,4716,0
15695,204,2,410,1
15696,17,7,2016,0
15700,110,2,696,1
15701,6,3,1223,0
15703,202,1,211,0
15704,78,4,2293,1
15705,139,1,143,0
15706,1,4,1060,1
15707,2,2,355,0
15708,76,6,2700,0
15709,221,1,133,0
15712,9,4,865,0
15713,81,2,356,1
15714,15,1,132,0
15716,83,4,1118,1
15717,172,1,150,0
15719,1,12,4428,0
15722,46,3,1424,0
15723,302,1,203,0
15724,139,2,218,0
15727,45,6,4609,0
15729,150,1,85,0
15730,3,3,1120,1
15732,150,2,294,0
15733,220,1,162,0
15734,52,2,1339,1
15737,17,6,1081,0
15738,1,14,4160,0
15739,4,1,449,1
15743,51,2,434,0
15744,15,1,34,0
15745,11,2,607,0
15746,72,1,196,0
15747,58,2,549,0
15749,173,3,44534,1
15750,10,5,1617,0
15752,31,6,2104,0
15753,242,1,79,0
15754,11,2,303,0
15755,12,5,2076,0
15756,90,3,364,0
15757,3,2,714,1
15759,156,3,253,0
15762,3,2,583,1
15763,15,1,522,0
15764,26,6,3280,1
15766,2,1,315,0
15768,53,3,621,1
15769,2,22,48367,0
15774,6,1,270,0
15775,183,1,104,0
15776,71,1,241,0
15777,179,4,1047,1
15780,121,3,475,1
15781,75,2,211,0
15782,27,1,1638,0
15785,95,4,1665,0
15786,52,1,3160,0
15789,296,1,351,1
15791,142,1,1223,0
15793,206,1,306,0
15795,87,1,610,1
15796,10,6,1887,0
15797,51,4,2207,1
15799,13,3,884,1
15800,45,2,699,1
15801,47,1,137,0
15802,80,1,451,1
15804,2,9,3173,0
15805,2,12,3838,0
15806,95,2,521,0
15807,15,1,635,0
15808,244,4,3735,1
15809,122,4,399,0
15810,16,4,1392,1
15811,43,5,1773,0
15812,45,5,1801,1
15813,145,2,1303,1
15815,1,5,2100,1
15819,69,3,1585,0
15820,257,1,207,0
15822,297,1,440,0
15823,310,1,15,0
15825,110,1,532,1
15826,148,1,720,0
15827,11,14,1836,1
15829,37,2,636,1
15831,62,2,451,0
15832,192,1,836,1
15834,8,4,2233,1
15835,75,3,675,0
15837,2,1,392,1
15838,2,14,28333,0
15839,18,2,790,0
15840,110,1,241,0
15841,10,4,1224,1
15843,241,1,119,0
15845,24,6,3070,0
15847,226,1,180,0
15850,106,1,118,0
15852,124,2,160,0
15854,24,10,2839,0
15855,74,5,712,1
15856,3,18,11945,0
15858,15,3,970,0
15860,13,7,875,0
15861,72,3,1130,0
15862,50,3,659,0
15863,130,1,9,0
15864,4,4,1478,0
15865,26,2,603,0
15866,39,1,230,0
15867,8,13,3307,0
15869,215,2,149,0
15874,1,7,4405,1
15880,307,1,343,1
15881,250,5,501,1
15882,136,4,516,1
15885,30,3,379,1
15888,18,1,168,0
15889,94,2,446,1
15891,164,1,524,1
15894,191,2,263,0
15895,87,1,179,0
15897,132,2,222,0
15898,164,4,1003,0
15899,306,1,56,0
15901,15,2,233,0
15903,8,4,2520,0
15906,6,5,1388,0
15907,114,2,529,0
15909,111,1,191,0
15910,2,6,851,0
15912,116,2,264,0
15916,15,6,967,0
15917,185,1,123,0
15918,128,2,334,0
15919,306,1,270,0
15920,92,4,167,0
15921,110,1,336,1
15922,311,1,369,1
15923,310,1,127,0
15925,132,1,207,0
15930,5,1,426,1
15932,26,7,2195,0
15933,9,2,728,0
15935,177,2,416,1
15937,2,1,145,0
15938,50,5,404,1
15939,27,15,6115,1
15940,249,1,35,0
15942,71,1,337,1
15944,214,1,325,0
15945,303,1,181,0
15947,20,1,1708,1
15949,9,1,237,0
15950,16,3,1347,0
15951,223,1,375,0
15952,6,3,581,0
15953,3,5,1077,0
15955,4,11,2974,0
15958,12,1,104,0
15965,305,1,156,0
15967,256,1,173,0
15969,123,1,308,0
15970,241,1,314,0
15971,5,9,2586,0
15973,304,1,307,0
15974,33,6,2895,0
15975,22,1,371,1
15976,103,2,430,1
15978,15,1,1098,1
15980,26,3,2398,1
15981,15,7,2849,0
15983,298,3,1148,0
15984,9,8,2092,0
15985,61,2,1142,1
15987,58,6,1206,0
15990,225,1,401,0
15996,26,6,1060,1
15998,25,4,2510,0
16003,72,3,1793,0
16005,120,2,298,0
16006,149,1,101,0
16007,6,3,1485,0
16008,13,2,330,0
16009,97,1,462,0
16010,183,3,407,1
16011,9,13,2467,0
16012,66,2,1132,0
16013,5,38,25859,0
16014,90,2,529,0
16016,17,5,926,0
16018,118,1,161,0
16019,74,7,2952,0
16020,3,1,518,0
16022,198,1,628,1
16023,130,2,500,0
16027,29,6,934,1
16029,1,58,69716,0
16030,247,1,331,0
16031,30,2,548,1
16033,4,18,7201,0
16034,134,3,437,1
16036,25,2,758,1
16037,207,3,855,1
16038,115,2,393,0
16040,3,3,1313,1
16041,79,2,2739,0
16042,45,2,460,0
16043,149,3,676,0
16045,57,4,1340,1
16048,311,2,256,0
16049,13,1,488,0
16050,111,1,137,0
16053,60,1,1124,0
16054,83,1,783,1
16055,158,1,134,0
16057,34,6,1544,0
16059,3,6,1459,1
16062,71,3,778,0
16063,198,1,335,1
16065,303,1,372,1
16066,62,1,316,0
16072,226,1,584,1
16073,235,1,122,0
16076,17,6,1455,0
16078,221,1,79,0
16080,19,2,217,0
16081,25,4,2591,0
16083,38,2,1317,1
16084,237,1,436,1
16085,17,3,619,0
16086,36,4,899,0
16091,92,2,315,0
16092,52,3,817,1
16093,44,1,17,0
16094,157,1,252,0
16096,202,1,320,0
16097,178,1,185,0
16098,25,7,2005,1
16099,75,2,592,0
16101,8,1,1290,1
16102,36,2,1392,0
16103,17,5,1413,0
16105,186,1,337,1
16106,3,1,108,0
16107,27,4,1810,0
16108,22,1,842,1
16109,156,2,611,1
16110,200,2,693,0
16112,81,4,195,0
16113,121,1,161,0
16114,108,1,135,0
16115,10,6,1293,0
16116,149,1,612,1
16117,127,1,232,0
16119,10,1,309,0
16121,153,1,287,0
16122,11,4,684,1
16124,255,1,249,0
16125,305,1,289,0
16126,39,3,3706,0
16128,15,3,1412,0
16131,53,4,2278,0
16133,8,25,12078,0
16134,297,1,283,0
16135,200,1,517,1
16136,15,2,302,0
16139,50,2,306,0
16140,3,2,725,1
16141,26,1,620,1
16142,187,1,535,1
16143,46,5,1949,0
16144,184,1,175,0
16145,11,9,2941,0
16146,95,3,734,1
16147,71,1,375,1
16148,234,1,76,0
16149,80,1,163,0
16150,26,4,1748,0
16152,206,1,1829,1
16153,53,4,1023,0
16156,23,6,2125,0
16157,10,1,168,0
16159,219,1,348,1
16160,3,2,1025,1
16161,16,14,3901,0
16162,190,1,37,0
16163,170,2,856,1
16168,12,19,2795,0
16169,13,1,587,0
16170,50,5,1560,0
16172,33,5,1140,1
16173,16,3,744,0
16174,64,3,1009,1
16175,32,4,1037,1
16178,76,1,197,0
16180,38,8,10254,1
16181,11,1,305,0
16182,10,4,6617,1
16183,5,1,338,1
16184,2,6,1158,1
16185,170,1,335,0
16186,4,10,3362,0
16187,13,13,6282,0
16188,79,3,755,0
16189,23,1,144,0
16191,200,8,2615,0
16193,174,1,314,0
16198,13,1,400,1
16200,102,1,550,0
16201,47,1,303,0
16202,298,1,365,1
16203,85,3,378,0
16205,5,2,435,0
16206,62,3,409,0
16208,227,1,497,0
16209,26,5,2262,1
16210,1,13,12135,0
16211,26,1,547,1
16212,221,1,498,0
16213,16,1,159,0
16214,108,3,1062,1
16215,18,1,242,0
16216,205,1,914,1
16217,173,2,304,0
16218,52,6,2635,0
16221,213,2,315,0
16222,256,1,846,1
16224,79,3,865,0
16225,87,4,953,0
16226,141,3,255,0
16227,163,1,314,0
16229,25,2,1010,1
16230,127,2,542,1
16232,81,3,725,0
16233,9,3,536,1
16235,19,4,675,0
16236,16,1,432,1
16239,127,1,347,0
16240,15,1,1824,0
16241,34,10,1786,0
16242,4,4,1671,0
16244,149,2,1522,1
16245,59,2,769,0
16247,108,1,114,0
16249,50,4,1440,0
16250,199,2,389,1
16253,4,2,3683,1
16255,33,7,2182,0
16256,204,1,752,1
16257,114,1,47,0
16258,65,4,3741,0
16261,13,3,562,0
16265,48,7,4062,0
16266,11,7,861,1
16268,9,2,667,1
16270,291,1,1141,1
16271,64,3,893,0
16272,54,1,411,1
16274,311,1,358,1
16275,134,1,559,1
16276,114,1,810,1
16278,38,1,566,1
16279,25,2,731,0
16281,10,1,2062,1
16282,277,1,168,0
16283,6,4,1330,0
16287,107,1,142,0
16292,59,1,302,0
16293,29,6,1454,0
16295,2,1,355,0
16297,206,1,301,0
16298,124,1,114,0
16302,64,1,233,0
16303,53,2,4036,0
16305,76,1,361,1
16306,151,6,632,1
16308,45,3,1600,0
16309,44,2,706,1
16315,268,1,226,0
16316,2,8,2938,1
16317,57,3,1341,1
16319,155,1,404,1
16323,134,1,207,0
16324,66,3,428,1
16325,93,2,416,0
16326,13,9,1739,0
16327,18,5,3172,0
16330,50,2,49,0
16332,10,4,1128,0
16333,4,19,19352,0
16338,95,1,214,0
16339,222,1,110,0
16340,45,1,549,1
16341,23,2,1531,0
16342,13,4,322,0
16344,96,1,101,0
16348,16,5,1050,0
16349,228,1,53,0
16350,2,3,1001,0
16351,270,1,153,0
16353,6,16,3968,0
16354,1,2,395,1
16356,135,3,211,0
16357,100,2,258,0
16358,1,3,1594,0
16359,3,8,1640,0
16360,4,3,1482,0
16361,9,1,334,0
16362,29,3,380,0
16364,75,1,347,0
16365,61,7,862,0
16367,300,1,170,0
16369,18,2,851,0
16370,20,4,1320,1
16374,4,2,473,1
16377,205,1,676,1
16378,185,3,363,1
16379,16,1,478,0
16383,12,2,668,1
16384,27,2,584,1
16385,96,2,274,0
16386,191,1,61,0
16387,260,1,94,0
16389,16,3,1078,0
16392,207,1,221,0
16393,32,9,1765,0
16394,10,4,1241,0
16395,16,4,1272,0
16398,92,2,1705,1
16399,173,1,178,0
16400,32,1,303,0
16401,24,8,2773,0
16402,202,2,299,0
16403,250,1,177,0
16404,8,1,443,1
16405,240,2,167,0
16407,12,9,1794,0
16409,25,4,1420,0
16411,307,1,131,0
16414,218,1,50,0
16418,30,2,368,0
16419,50,6,972,1
16422,2,44,30997,0
16424,129,1,133,0
16425,240,1,302,0
16426,30,4,689,0
16427,201,2,241,0
16429,44,1,284,0
16431,151,3,642,1
16432,2,1,287,0
16434,34,4,906,0
16438,20,1,204,0
16440,4,2,705,0
16441,5,2,381,1
16442,165,2,437,0
16444,33,3,541,0
16446,143,1,2,0
16447,73,1,259,0
16448,136,1,188,0
16449,135,2,707,1
16450,87,1,311,0
16451,25,1,267,0
16454,2,1,5,0
16455,1,7,1841,1
16456,37,5,2158,1
16457,156,1,208,0
16458,10,13,2485,0
16460,10,2,512,0
16461,115,1,151,0
16462,11,3,136,0
16463,142,1,319,0
16464,18,2,998,0
16466,41,5,1002,0
16468,12,1,74,0
16469,25,3,462,0
16470,53,3,539,0
16471,212,1,224,0
16473,102,3,316,0
16474,4,4,1059,0
16475,26,4,544,1
16477,1,7,2494,1
16478,2,2,235,0
16480,13,1,769,1
16483,130,1,139,0
16484,111,2,404,1
16485,15,1,363,1
16488,52,2,354,0
16493,17,4,1351,1
16494,234,1,826,1
16495,214,2,246,0
16496,145,2,1185,0
16497,141,5,1550,0
16498,99,2,101,0
16499,298,2,365,1
16500,268,1,165,0
16503,44,4,1431,1
16509,234,1,363,1
16510,310,1,248,0
16511,82,2,582,0
16515,29,4,1250,0
16517,215,1,162,0
16518,222,1,190,0
16519,303,1,103,0
16520,124,3,1046,1
16523,17,15,6781,0
16525,17,23,11501,0
16526,109,1,290,0
16527,19,1,228,0
16529,128,1,455,1
16531,12,5,889,0
16532,73,2,4516,0
16533,6,1,377,0
16536,48,1,549,1
16539,157,3,1053,0
16545,102,1,339,1
16546,228,2,787,1
16549,27,3,1234,0
16550,46,5,2299,1
16551,33,3,922,1
16552,180,2,379,1
16553,101,12,5719,1
16554,160,2,314,0
16555,47,1,152,0
16556,4,7,3313,1
16557,75,1,101,0
16558,1,16,5329,0
16560,296,1,332,0
16565,302,1,173,0
16566,108,3,463,0
16567,132,2,865,1
16570,65,6,2134,0
16571,114,2,896,0
16572,65,3,1009,1
16573,22,2,663,1
16574,9,1,451,1
16581,120,1,105,0
16582,51,1,313,0
16583,311,1,233,0
16584,18,2,936,1
16586,186,1,464,1
16587,170,1,225,0
16589,9,3,459,1
16591,6,1,213,0
16592,74,10,2214,0
16593,127,2,255,0
16594,13,1,181,0
16596,304,1,120,0
16598,223,1,145,0
16600,12,3,353,0
16603,12,2,482,1
16607,11,11,2581,0
16609,25,6,4029,0
16610,157,1,75,0
16611,124,1,129,0
16612,57,3,870,0
16613,8,1,618,1
16614,120,1,506,1
16616,95,1,210,0
16617,173,1,151,0
16618,148,4,1441,0
16619,201,1,226,0
16620,198,1,95,0
16621,85,3,609,0
16623,183,1,129,0
16624,18,2,810,1
16625,212,1,333,0
16626,6,10,2852,0
16627,17,1,322,0
16628,44,4,1619,0
16629,11,2,417,1
16633,16,4,1509,0
16634,160,2,217,0
16637,61,2,530,0
16638,37,9,1550,0
16639,144,2,471,0
16641,43,1,231,0
16642,145,1,307,0
16643,183,1,487,1
16644,115,2,833,1
16647,107,2,214,0
16650,9,1,518,1
16652,47,5,4525,0
16653,9,1,1117,0
16654,79,4,601,1
16655,13,4,2911,0
16656,17,12,7470,0
16657,86,2,446,0
16658,306,1,123,0
16659,127,1,39,0
16660,148,2,384,0
16665,300,1,135,0
16667,6,2,570,1
16668,54,5,266,0
16669,16,2,729,0
16670,44,8,3240,0
16671,102,1,1382,0
16672,10,18,7327,0
16674,36,1,122,0
16676,151,3,1098,0
16678,36,8,2137,0
16679,304,1,129,0
16681,10,6,1770,1
16682,30,3,810,0
16684,3,21,51930,0
16686,36,6,2479,0
16689,13,2,422,1
16690,10,2,225,0
16692,194,2,1276,1
16693,6,2,482,1
16696,73,4,657,1
16697,179,1,112,0
16698,164,2,1998,1
16700,18,11,4423,0
16701,67,10,4050,0
16705,12,12,10160,0
16706,36,2,411,0
16709,22,5,3029,1
16710,12,8,2093,0
16711,78,3,909,0
16712,33,8,2499,0
16713,4,13,5302,0
16714,156,3,1161,1
16715,16,1,301,0
16716,204,2,901,1
16717,33,4,1559,0
16718,307,1,623,1
16719,12,6,1497,0
16721,200,1,292,0
16722,3,11,3971,0
16723,29,2,589,1
16725,240,7,781,1
16726,134,4,795,0
16727,302,1,272,0
16728,104,3,550,0
16729,8,19,6172,0
16730,172,2,480,0
16734,52,2,306,0
16735,16,5,2300,1
16738,235,1,3,0
16739,114,1,323,0
16743,51,6,1885,0
16744,13,4,628,0
16745,24,17,7194,1
16746,13,14,5321,0
16747,5,1,480,0
16748,155,3,910,0
16750,11,4,509,0
16752,310,1,207,0
16754,310,1,2002,1
16755,52,3,1496,1
16756,152,1,239,0
16757,256,1,106,0
16758,3,1,369,1
16761,34,1,316,0
16762,82,1,314,0
16763,136,1,611,1
16764,1,7,1323,0
16765,232,1,34,0
16766,211,2,1145,1
16767,31,7,4825,0
16768,41,2,286,0
16769,198,1,380,1
16770,174,4,656,0
16771,13,4,2102,0
16774,5,4,661,1
16775,10,9,1358,0
16777,18,2,226,0
16778,12,2,245,0
16779,9,16,7286,0
16780,38,2,425,1
16781,310,1,311,0
16782,15,10,1804,0
16788,61,2,597,1
16791,60,5,800,0
16792,220,2,110,0
16794,27,5,720,0
16795,303,1,414,1
16796,27,1,305,0
16801,101,4,1619,1
16803,3,1,332,0
16804,208,1,118,0
16805,111,2,460,1
16806,41,4,801,1
16807,80,3,1121,1
16808,37,2,288,0
16809,74,3,470,0
16810,130,1,309,0
16812,298,1,479,1
16813,16,8,1299,0
16814,2,18,5896,0
16816,41,4,417,1
16817,123,7,1179,0
16818,9,10,3221,0
16820,33,1,497,1
16823,165,1,358,1
16824,102,1,222,0
16825,123,1,318,0
16828,31,2,128,0
16829,94,1,197,0
16832,122,3,199,0
16833,197,3,671,0
16834,165,1,413,1
16835,66,2,180,0
16836,54,1,91,0
16837,95,9,1911,0
16838,135,2,588,1
16839,1,26,12980,0
16841,75,5,1561,0
16842,38,3,1264,1
16843,3,15,9818,0
16849,124,1,124,0
16850,271,1,332,0
16852,114,1,113,0
16858,306,1,375,1
16859,82,2,747,1
16861,96,1,70,0
16863,304,1,164,0
16866,78,3,207,0
16869,103,2,387,0
16871,27,5,2367,0
16872,15,3,680,1
16873,65,4,3871,0
16875,5,5,2095,1
16877,90,2,189,0
16878,22,1,13,0
16880,37,6,1109,0
16881,4,1,432,1
16882,4,3,705,1
16883,125,2,276,0
16885,295,1,190,0
16889,132,3,1578,1
16891,33,3,560,0
16892,121,1,103,0
16893,304,1,145,0
16895,2,1,219,0
16897,237,2,289,0
16898,115,2,319,0
16899,27,4,588,0
16900,1,1,752,0
16902,54,1,1706,1
16904,32,14,3049,0
16905,174,3,853,0
16906,19,4,579,1
16907,86,4,711,0
16909,10,1,379,1
16910,1,5,890,0
16912,5,10,2419,0
16913,228,1,113,0
16915,65,4,382,0
16916,310,1,198,0
16917,214,1,391,1
16918,1,5,1031,0
16919,94,11,2596,1
16923,6,15,5579,0
16924,2,2,523,0
16926,309,1,230,0
16927,53,3,543,1
16928,18,17,2847,1
16929,9,3,539,0
16930,6,2,207,0
16931,13,15,3198,0
16933,177,1,224,0
16938,117,3,2410,0
16940,107,2,1868,0
16942,74,7,1449,0
16943,149,3,816,1
16945,23,14,3292,0
16947,173,1,406,1
16948,76,3,435,1
16949,123,4,893,0
16950,62,2,778,0
16951,72,3,1277,1
16952,47,2,167,0
16954,62,4,1245,0
16955,122,4,518,1
16957,177,2,416,1
16959,25,1,117,0
16960,190,1,201,0
16961,54,1,234,0
16963,125,1,110,0
16965,164,1,201,0
16966,108,4,1486,0
16967,127,1,319,0
16968,45,1,253,0
16969,72,2,479,0
16976,205,1,251,0
16978,15,1,344,1
16979,85,2,555,0
16980,193,2,1079,1
16983,34,5,1190,0
16984,26,2,4481,1
16985,26,8,4080,0
16987,108,3,629,0
16989,1,4,1027,0
16990,156,1,179,0
16992,36,3,972,0
16996,59,5,1041,0
16997,226,3,702,1
16998,87,4,295,0
16999,12,1,245,0
17001,29,8,2793,0
17002,23,3,1493,1
17004,30,1,1006,0
17006,13,1,280,0
17007,93,5,575,0
17014,4,1,188,0
17015,9,2,1570,0
17017,10,15,6246,0
17018,263,1,405,0
17019,199,3,995,0
17024,37,2,56,0
17025,311,2,161,0
17026,123,2,154,0
17027,16,6,890,1
17029,48,2,716,1
17030,1,1,146,0
17031,92,1,226,0
17033,24,3,1030,1
17034,17,2,364,0
17035,183,2,433,1
17037,25,1,1267,1
17040,75,1,449,1
17041,46,2,750,0
17042,59,4,922,0
17043,116,2,325,0
17045,51,3,339,1
17046,95,1,642,1
17047,23,3,1100,1
17048,55,3,925,1
17049,22,6,3241,0
17050,34,6,3228,1
17051,132,1,247,0
17053,68,1,498,1
17054,75,4,1207,0
17058,19,3,1179,1
17059,48,4,2250,0
17060,204,1,234,0
17061,11,11,5232,1
17062,251,4,538,1
17063,101,4,671,0
17064,120,2,461,0
17068,2,18,3935,0
17069,15,7,2058,0
17070,52,1,312,0
17071,26,7,1694,0
17073,20,2,841,0
17075,191,3,696,0
17076,211,2,334,0
17079,16,1,118,0
17080,207,1,76,0
17082,256,1,636,0
17083,47,3,1405,1
17085,61,5,1566,1
17086,1,1,412,0
17088,10,3,1751,0
17090,26,5,1517,0
17091,36,7,2692,0
17092,25,3,989,0
17094,260,1,302,0
17095,237,2,544,0
17096,81,2,443,0
17101,116,1,230,0
17102,199,1,25,0
17105,97,2,665,1
17107,13,4,8516,0
17109,170,2,464,0
17110,103,1,163,0
17114,76,6,603,0
17115,120,2,612,0
17117,226,1,116,0
17118,255,1,157,0
17120,171,1,307,0
17122,57,1,138,0
17123,99,1,345,1
17124,123,1,298,0
17126,90,5,1004,1
17128,272,1,157,0
17131,13,1,789,0
17133,25,4,4137,0
17134,44,2,425,1
17135,227,2,500,0
17138,213,1,380,1
17139,2,10,9560,0
17140,185,1,465,1
17142,177,1,579,1
17144,22,1,595,0
17146,43,3,749,1
17147,18,3,1349,0
17152,132,3,1689,1
17154,13,1,329,0
17155,115,1,143,0
17157,114,1,161,0
17158,170,2,698,0
17159,13,2,926,0
17160,47,5,3001,0
17162,69,9,1463,0
17163,16,1,123,0
17164,17,4,2016,0
17165,222,1,158,0
17166,141,1,127,0
17169,121,1,308,0
17171,227,1,224,0
17172,16,1,317,0
17173,54,2,961,0
17174,155,1,59,0
17175,79,3,1132,0
17176,139,1,306,0
17179,116,3,711,1
17180,179,3,564,0
17181,311,1,155,0
17183,43,1,329,0
17187,164,1,204,0
17188,102,5,1815,0
17189,44,2,384,1
17190,145,1,195,0
17191,32,6,1563,0
17193,24,3,747,0
17194,211,2,262,0
17198,303,2,521,0
17204,113,4,1564,1
17211,118,6,1464,0
17212,191,1,226,0
17213,79,5,1780,0
17214,23,5,864,0
17217,172,1,113,0
17218,9,7,1360,0
17220,9,11,2620,0
17222,3,1,354,1
17223,248,2,426,1
17226,246,1,393,1
17227,8,4,613,0
17228,1,6,1488,0
17229,34,2,318,0
17230,202,8,3638,1
17231,2,8,2319,0
17234,120,1,149,0
17235,310,1,341,0
17236,117,5,697,0
17238,22,12,2224,0
17239,250,1,382,1
17242,46,2,1135,1
17243,16,17,4702,0
17245,142,1,171,0
17248,58,1,318,0
17250,199,1,162,0
17251,300,1,283,0
17252,54,2,353,1
17255,237,1,112,0
17256,45,2,240,0
17259,86,2,603,1
17262,165,4,955,0
17263,146,1,63,0
17265,76,2,562,1
17266,85,1,113,0
17267,65,2,317,0
17268,45,4,763,1
17272,137,2,1409,0
17277,165,2,1065,1
17278,179,1,246,0
17282,68,3,1703,1
17284,58,5,1494,0
17287,12,6,880,0
17288,145,5,663,0
17289,118,1,167,0
17291,246,1,550,1
17293,23,6,1117,0
17295,2,1,279,0
17298,39,2,498,1
17299,27,3,578,0
17302,60,3,661,0
17303,299,1,250,0
17306,9,16,7206,0
17309,33,1,82,0
17311,16,2,1384,1
17312,76,3,644,1
17314,86,5,1506,0
17315,13,32,4937,0
17317,27,1,2027,0
17320,38,3,1200,1
17321,5,1,659,0
17323,62,4,537,0
17324,269,2,702,0
17325,218,1,96,0
17329,253,1,243,0
17330,5,1,264,0
17331,61,1,175,0
17333,23,1,494,1
17334,240,2,307,0
17337,89,4,2027,1
17338,52,7,5207,0
17339,32,2,243,0
17340,18,10,8459,0
17341,94,3,781,1
17343,293,1,193,0
17345,31,3,284,0
17346,41,8,1266,0
17347,24,1,229,0
17348,9,2,660,0
17349,117,1,110,0
17351,107,2,427,0
17353,67,2,1740,1
17356,249,1,178,0
17358,241,2,365,1
17360,122,1,331,0
17361,124,2,263,0
17362,177,2,312,0
17364,75,6,2633,0
17365,25,6,3497,0
17367,176,1,168,0
17368,31,6,1635,0
17370,10,4,446,1
17371,299,1,97,0
17372,104,6,1061,0
17373,9,3,433,0
17374,156,2,495,1
17375,137,3,400,1
17376,8,2,203,0
17377,12,11,2336,0
17381,4,27,19372,0
17382,3,1,65,0
17384,157,1,227,0
17386,37,5,1697,0
17388,15,4,1259,1
17389,12,26,13595,0
17391,101,2,508,1
17392,244,2,457,1
17394,157,1,203,0
17396,5,7,6835,0
17398,52,3,653,1
17400,64,5,2130,1
17402,23,9,1847,0
17405,10,2,883,0
17406,271,3,2200,1
17408,101,1,32,0
17409,122,2,771,1
17410,34,2,419,0
17411,13,2,569,0
17412,134,4,709,0
17414,122,1,598,0
17415,17,1,507,1
17416,15,6,5878,0
17418,261,1,167,0
17419,2,9,3125,0
17420,109,2,391,0
17422,31,5,1699,0
17423,155,1,449,0
17426,29,4,4280,0
17427,9,1,100,0
17428,2,23,15308,0
17429,66,3,524,1
17430,303,1,112,0
17431,251,1,403,1
17433,26,1,303,0
17434,23,1,499,0
17436,164,1,122,0
17438,191,1,388,1
17440,94,3,186,0
17442,31,5,1921,0
17446,114,2,120,0
17447,9,1,372,0
17449,32,4,1497,0
17450,8,33,161183,0
17451,19,2,561,0
17453,2,1,342,0
17454,130,4,517,1
17455,141,1,131,0
17456,303,1,249,0
17457,64,5,1737,1
17460,32,6,622,1
17462,222,1,463,0
17463,114,3,1245,0
17464,96,1,290,0
17466,16,1,460,0
17469,10,4,1492,0
17470,65,4,816,0
17472,129,3,710,1
17475,17,1,194,0
17480,15,1,511,1
17481,31,1,260,0
17483,3,3,414,1
17486,199,1,396,1
17489,150,1,208,0
17490,2,4,1321,0
17491,12,7,2423,0
17492,186,1,374,1
17496,296,1,271,0
17498,13,1,272,0
17499,227,1,622,1
17501,158,2,288,0
17504,144,9,2997,1
17505,99,2,1145,1
17506,13,1,302,0
17507,199,2,605,1
17509,1,6,4318,0
17511,3,24,68261,0
17512,59,8,1891,0
17513,10,1,513,1
17514,66,1,208,0
17515,144,3,571,0
17516,57,4,608,0
17517,246,1,153,0
17519,71,5,1488,0
17521,3,2,497,0
17522,76,4,912,0
17524,299,1,145,0
17525,297,1,422,1
17526,228,3,872,0
17527,18,3,788,0
17528,9,2,1107,0
17530,23,7,1763,0
17531,128,1,296,0
17535,218,1,164,0
17536,115,1,76,0
17537,241,1,630,0
17540,254,1,268,0
17542,207,1,170,0
17548,171,1,103,0
17550,135,3,267,0
17551,297,1,306,0
17552,9,3,913,0
17553,67,1,1487,1
17554,60,2,1249,0
17555,272,1,195,0
17556,143,1,157,0
17557,19,1,288,0
17560,32,4,855,1
17562,25,5,852,0
17564,18,1,119,0
17567,30,6,2925,0
17569,270,1,344,1
17571,83,3,561,0
17572,9,4,226,0
17573,23,2,182,0
17574,180,1,185,0
17576,11,16,2778,0
17578,156,1,143,0
17579,75,2,270,0
17580,190,3,215,0
17581,16,19,8378,0
17582,174,1,175,0
17584,65,1,749,0
17585,47,4,1133,1
17588,38,3,1240,1
17589,89,3,1843,0
17591,11,7,2226,1
17593,29,4,3249,0
17594,23,2,993,1
17596,1,5,2350,0
17597,151,1,2044,1
17601,177,1,116,0
17602,23,3,2154,0
17603,16,1,394,1
17604,155,2,309,0
17609,11,3,751,0
17611,10,10,3016,0
17612,33,5,1682,0
17613,19,10,3781,0
17615,68,3,329,0
17616,111,3,571,1
17618,186,2,666,0
17619,250,1,218,0
17621,250,2,901,0
17624,156,1,400,0
17625,78,2,1234,0
17628,19,1,75,0
17629,4,6,1392,0
17630,107,2,503,1
17631,75,2,416,0
17633,9,3,1004,0
17634,30,7,2080,0
17637,53,1,339,0
17639,214,1,108,0
17640,24,1,621,1
17642,57,2,712,1
17643,311,1,101,0
17644,16,8,2132,0
17646,157,3,1008,1
17647,3,1,133,0
17648,130,3,1107,0
17649,76,1,868,1
17651,2,6,2716,0
17652,5,8,3643,0
17653,37,2,343,0
17654,215,1,117,0
17655,54,5,1903,0
17656,11,5,1674,1
17658,149,1,317,0
17659,38,9,1653,0
17660,79,1,196,0
17663,22,5,1287,0
17664,150,1,326,0
17666,3,1,409,0
17667,4,5,2055,1
17669,23,6,3194,0
17670,165,1,205,0
17671,95,3,1098,0
17672,247,1,1177,0
17673,4,5,1516,0
17674,12,2,551,1
17675,8,25,15125,0
17676,47,4,730,0
17677,20,22,12721,0
17678,201,1,298,0
17679,23,1,1643,0
17682,53,5,1899,0
17685,26,6,2799,0
17686,18,6,5110,0
17690,3,12,3677,0
17691,296,2,290,0
17692,65,4,740,1
17693,75,1,200,0
17694,79,1,283,0
17695,69,2,765,1
17696,46,7,1915,0
17697,174,1,339,1
17698,198,1,155,0
17700,32,3,1681,0
17701,190,1,418,1
17702,46,3,1338,0
17703,47,2,491,0
17704,106,2,885,1
17705,12,7,1191,0
17706,38,12,8027,0
17707,123,2,152,0
17708,125,2,267,0
17709,107,1,137,0
17711,227,1,220,0
17714,258,1,153,0
17715,138,1,326,0
17716,13,9,5002,0
17718,170,1,139,0
17719,13,14,5088,0
17720,51,3,887,0
17722,34,4,2424,1
17723,65,6,3276,1
17724,9,3,1033,1
17725,8,9,2841,0
17728,3,2,2288,0
17730,16,9,3547,0
17731,17,4,1240,1
17732,310,1,304,0
17733,199,1,217,0
17734,74,2,540,0
17735,3,17,11653,0
17736,51,1,307,0
17738,86,3,1571,0
17739,3,5,2047,0
17742,51,2,355,1
17744,188,4,1289,0
17746,178,1,110,0
17747,50,1,71,0
17749,116,2,674,1
17750,20,6,1401,0
17752,297,1,80,0
17754,3,3,949,0
17757,8,22,3735,0
17758,17,5,2122,0
17759,107,2,167,0
17760,311,1,172,0
17763,201,1,15,0
17764,149,1,262,0
17765,96,3,371,1
17768,104,1,411,0
17769,76,4,1828,0
17770,136,5,1143,1
17771,261,1,115,0
17774,34,4,1225,1
17775,192,1,56,0
17777,38,1,194,0
17779,25,2,489,0
17781,97,2,188,0
17783,10,2,283,0
17786,23,2,278,0
17787,90,4,1865,1
17788,11,2,1117,1
17789,219,1,225,0
17790,58,12,1363,0
17795,117,2,350,1
17796,251,3,622,0
17797,120,1,272,0
17799,37,9,2531,0
17800,29,7,916,0
17802,20,3,1285,1
17805,11,1,512,1
17809,67,8,2856,0
17811,6,28,5394,0
17812,306,1,217,0
17813,2,2,1350,0
17816,3,3,30,0
17817,215,2,269,0
17819,9,7,3704,1
17827,180,4,1583,0
17830,199,2,287,0
17837,3,5,800,0
17838,27,4,2312,0
17841,1,94,27241,0
17843,241,1,205,0
17846,23,1,2033,1
17848,19,9,901,1
17849,156,4,605,1
17850,310,34,5391,1
17854,123,2,311,0
17855,310,1,209,0
17856,171,3,1142,0
17857,10,15,14839,0
17858,20,10,3922,0
17859,242,1,148,0
17860,306,1,252,0
17861,74,5,1301,0
17862,261,1,330,0
17863,18,5,2127,0
17864,27,2,480,0
17865,17,17,8515,0
17866,80,1,329,0
17867,81,4,957,0
17869,45,5,428,1
17870,9,8,909,0
17871,142,1,155,0
17873,18,5,1859,1
17874,123,6,683,1
17877,108,1,237,0
17879,111,1,178,0
17880,302,1,458,1
17881,242,1,133,0
17883,24,2,197,0
17884,249,3,602,0
17886,148,2,396,0
17887,67,1,111,0
17888,17,5,365,0
17889,150,2,203,0
17890,260,2,602,1
17891,100,1,203,0
17892,93,1,142,0
17893,163,1,112,0
17894,9,8,1119,1
17897,110,3,566,1
17898,23,2,152,0
17899,97,1,155,0
17900,128,2,112,0
17905,9,4,800,1
17906,185,1,72,0
17908,311,1,243,0
17912,248,5,311,0
17913,293,1,218,0
17917,194,2,230,0
17919,26,1,1304,1
17920,16,10,2633,0
17921,2,4,826,1
17923,220,1,207,0
17924,5,3,2076,0
17925,310,1,244,0
17926,71,2,397,1
17928,184,1,78,0
17929,50,3,707,0
17930,2,4,1313,0
17931,72,2,408,1
17932,111,2,934,0
17935,76,2,145,0
17937,52,5,3614,0
17939,97,1,99,0
17940,46,9,3914,0
17941,68,1,304,0
17946,171,2,149,0
17948,85,1,358,1
17949,8,36,52697,0
17950,10,3,482,1
17951,296,2,409,0
17954,6,11,2039,0
17955,136,4,557,1
17956,187,1,12,0
17957,4,1,111,0
17958,54,1,508,1
17960,109,1,73,0
17961,8,36,1269,0
17962,80,1,102,0
17964,310,1,261,0
17965,29,12,2271,0
17966,89,4,594,0
17967,309,1,123,0
17968,311,1,277,0
17969,104,2,228,0
17970,149,1,582,1
17972,179,1,136,0
17974,157,1,172,0
17975,1,12,4241,0
17976,310,1,353,1
17978,303,1,300,0
17979,106,3,504,0
17980,103,3,811,1
17984,83,1,152,0
17987,123,1,198,0
17988,55,5,146,0
17990,174,3,630,1
17991,163,2,93,0
17994,59,4,678,1
17995,219,1,76,0
17997,12,8,1970,1
17999,304,1,190,0
18001,24,1,252,0
18004,300,1,169,0
18008,8,9,2116,1
18009,173,1,257,0
18010,194,1,174,0
18011,311,1,102,0
18013,93,2,187,0
18016,12,4,1113,0
18017,19,3,523,1
18018,46,2,122,0
18024,90,2,389,1
18027,36,1,115,0
18032,272,1,73,0
18033,3,1,98,0
18036,43,2,254,0
18037,92,6,70,0
18040,183,1,239,0
18041,8,18,3575,0
18043,144,2,451,0
18044,25,8,1537,0
18048,141,2,172,0
18050,297,1,74,0
18053,8,1,300,0
18055,22,8,4905,0
18056,226,1,363,1
18059,5,1,124,0
18061,3,9,2027,0
18062,111,3,720,1
18064,71,2,814,1
18065,24,11,1949,0
18066,13,1,318,0
18068,227,1,101,0
18069,26,4,1782,0
18071,195,2,453,1
18072,123,1,247,0
18073,52,12,3877,1
18074,311,1,489,1
18075,44,8,1957,0
18077,41,7,1670,0
18078,155,2,336,1
18079,64,2,2206,0
18080,180,1,841,0
18081,50,2,208,0
18085,268,2,690,1
18086,212,1,101,0
18087,36,2,4055,1
18092,24,9,7155,0
18093,31,4,2106,1
18094,19,7,3017,1
18095,250,2,580,1
18096,1,1,148,0
18097,64,5,2011,0
18099,65,1,168,0
18101,81,1,110,0
18102,4,48,203146,0
18106,267,1,430,1
18108,192,1,271,0
18109,2,20,5560,0
18112,104,1,196,0
18113,306,1,76,0
18114,228,1,220,0
18116,5,8,1418,1
18118,15,20,4435,0
18119,305,1,181,0
18120,152,1,111,0
18121,87,2,673,1
18122,22,2,321,0
18125,139,3,945,0
18127,71,1,139,0
18129,181,1,112,0
18133,150,1,931,1
18135,18,2,233,0
18136,1,3,784,1
18138,233,1,152,0
18142,95,2,1019,1
18143,54,2,1000,1
18144,16,10,2341,0
18145,25,3,2103,0
18146,78,2,160,0
18147,46,1,98,0
18149,153,2,549,0
18150,78,2,413,0
18151,72,2,653,1
18155,13,3,371,1
18156,307,1,206,0
18158,26,1,343,0
18159,239,1,530,1
18160,138,1,318,0
18161,2,4,1156,0
18165,115,1,302,0
18167,43,1,498,0
18168,114,6,1169,1
18170,50,2,655,0
18171,37,4,994,0
18172,16,14,6373,0
18173,24,4,2106,1
18176,296,1,476,1
18177,95,5,1037,0
18178,66,4,1590,1
18179,190,4,1103,0
18180,18,4,1206,0
18183,165,2,632,1
18185,187,1,304,0
18188,15,2,1608,0
18189,15,2,1090,1
18190,130,2,284,0
18191,199,1,207,0
18192,9,1,958,1
18193,103,1,243,0
18194,20,1,973,1
18196,33,2,689,1
18198,9,15,4804,0
18200,44,1,163,0
18202,137,3,1397,1
18203,95,1,160,0
18204,9,3,1993,1
18205,12,1,225,0
18210,205,1,142,0
18211,23,3,420,0
18212,264,1,248,0
18213,174,1,232,0
18215,27,1,299,0
18217,8,1,317,0
18218,149,2,662,1
18219,87,8,1367,0
18220,164,1,305,0
18221,2,4,878,0
18222,30,1,443,1
18223,3,12,4516,0
18224,201,1,159,0
18225,22,8,3919,0
18226,19,10,4735,0
18227,155,1,93,0
18228,17,1,420,0
18229,8,16,5852,0
18230,32,5,2146,0
18231,130,5,2083,1
18232,19,4,593,1
18233,263,1,440,1
18235,9,3,1796,1
18236,17,5,773,0
18237,3,4,861,0
18239,156,5,1561,1
18241,12,13,1643,0
18242,10,4,2232,1
18245,87,6,1672,0
18246,171,1,232,0
18248,60,2,804,1
18250,248,1,349,1
18251,25,1,4314,1
18252,109,1,69,0
18255,27,1,103,0
18257,5,7,2095,0
18259,23,2,1268,0
18260,110,6,2643,1
18261,33,1,224,0
18262,78,1,149,0
18263,93,2,811,0
18265,10,2,801,1
18268,72,1,25,0
18269,304,1,168,0
18270,204,1,112,0
18272,51,4,2106,0
18273,33,2,153,0
18278,11,1,173,0
18280,215,1,180,0
18281,118,1,80,0
18282,64,1,100,0
18283,33,10,1120,0
18287,139,1,765,0
